year,month,date,vehicle_type,sales_volume,avg_price,advertising_expenditure,gdp,unemployment_rate,recession,latitude,longitude
2005,1,2005-01-01,Sedan,1939,19917,54857,15304.605971281606,5.782923312638332,0,39.88293152152541,-73.2103935922463
2005,1,2005-01-01,SUV,1770,20704,54069,14907.316461437507,5.667135123214872,0,40.12098113578302,-74.95664012232889
2005,1,2005-01-01,Truck,858,20154,42403,15062.849466519056,5.4459879622393945,0,39.293848149332355,-73.26717561553922
2005,1,2005-01-01,Coupe,653,20040,39314,14891.123455094963,5.955461294854933,0,39.42450321128885,-73.81215099082716
2005,2,2005-02-01,Sedan,1829,19824,45487,15370.455636901788,5.893251387631033,0,39.47114453552205,-73.58872754394841
2005,2,2005-02-01,SUV,1591,21131,35302,14734.362790220313,5.998430617934562,0,40.3692332899977,-73.91431585940501
2005,2,2005-02-01,Truck,939,20314,38911,14856.031158321059,5.669680614520106,0,40.52856111310946,-73.82819085521577
2005,2,2005-02-01,Coupe,599,20194,47111,14864.615599938808,6.205838144420435,0,40.51549976124797,-73.5343599404419
2005,3,2005-03-01,Sedan,1806,19814,52484,15195.109025424472,5.660412881077355,0,39.90717051166809,-74.55316748700301
2005,3,2005-03-01,SUV,1593,21511,60171,14985.597975683933,6.401766448946012,0,40.180818012523815,-74.32255987730257
2005,3,2005-03-01,Truck,963,21445,49731,15312.928731162801,4.590127447955128,0,40.41095125218761,-73.95647646588091
2005,3,2005-03-01,Coupe,651,20055,35093,14956.065622432498,6.078556285755874,0,40.73894702237076,-74.25913510913682
2005,4,2005-04-01,Sedan,1809,19698,56865,15065.750221931938,5.635119898116481,0,40.25663371655668,-73.95146122532599
2005,4,2005-04-01,SUV,1788,20557,47542,14921.578369373568,5.168242525933941,0,40.14806013853229,-73.86947236391005
2005,4,2005-04-01,Truck,945,20355,39384,14915.870935446928,5.728642741736616,0,39.59886136538919,-74.080642855833
2005,4,2005-04-01,Coupe,675,21131,51309,15051.510078144553,5.8627770421169165,0,39.04061439235048,-74.0132569377246
2005,5,2005-05-01,Sedan,2526,21477,48557,15060.309468466723,5.882644115147379,0,39.415660981190236,-73.42858859274249
2005,5,2005-05-01,SUV,2335,21498,43179,15280.55886218722,5.19907446860386,0,40.29342854690014,-72.904772187095
2005,5,2005-05-01,Truck,1210,20151,50747,14899.30486917676,5.124668284466934,0,40.034281487403014,-74.53115185686305
2005,5,2005-05-01,Coupe,898,19448,61624,14843.349341532752,5.738969241897163,0,40.40675860868483,-74.61543215821698
2005,6,2005-06-01,Sedan,2542,20784,37943,15036.926771706461,6.029941397124212,0,40.390911435888654,-74.61847535543905
2005,6,2005-06-01,SUV,2149,21328,52227,15050.098570069174,6.073224104748488,0,39.659987639210755,-73.8838731514195
2005,6,2005-06-01,Truck,1274,20060,63993,15094.766584182358,5.304348251398676,0,40.328276804316914,-74.48734083511366
2005,6,2005-06-01,Coupe,909,20695,43844,15192.675225848865,6.10639046346825,0,40.411030079997246,-73.05160350867303
2005,7,2005-07-01,Sedan,2495,19547,43328,14836.837943006913,5.861449145292949,0,40.17057598740832,-73.86165460033499
2005,7,2005-07-01,SUV,2342,21008,60901,14947.068633352408,7.26008458329481,0,40.3128336738825,-74.42857877820813
2005,7,2005-07-01,Truck,1206,20796,48324,15142.800098818418,6.136618812286772,0,39.96358554367156,-74.4233968590342
2005,7,2005-07-01,Coupe,828,19732,56422,15042.818748826041,5.277130610644006,0,40.08659046292559,-73.80734131013558
2005,8,2005-08-01,Sedan,2431,20092,50436,14771.405940433875,6.078893680174142,0,40.28039226318412,-73.45847437841236
2005,8,2005-08-01,SUV,2362,20132,42966,15103.007053441732,6.156892975456104,0,40.257523843153024,-72.07363425467264
2005,8,2005-08-01,Truck,1288,21198,57155,15130.278250261159,5.742365377679827,0,40.379484610246635,-74.38641260726878
2005,8,2005-08-01,Coupe,873,19708,50614,15462.931713334701,4.966367403704126,0,40.343130095187256,-74.80635793559483
2005,9,2005-09-01,Sedan,2472,20653,50482,14784.451044414138,5.542348145370016,0,40.33979887446734,-74.36518331585857
2005,9,2005-09-01,SUV,2287,21028,45112,15428.788817865065,6.216959511159006,0,38.987428706671196,-73.90677284261528
2005,9,2005-09-01,Truck,1226,21024,44056,14977.05271170662,6.1524936394902285,0,40.43287759708506,-74.6001482035279
2005,9,2005-09-01,Coupe,870,19715,45100,15353.09084805622,6.102490855480478,0,39.36955802283248,-73.54106902647261
2005,10,2005-10-01,Sedan,2102,20619,38604,14903.15318542675,6.533455574593312,0,39.64616526719061,-73.77809028592688
2005,10,2005-10-01,SUV,1770,20416,49553,14351.746531986186,5.3878061793328555,0,39.87371592430342,-74.62389159098242
2005,10,2005-10-01,Truck,1026,19620,46699,15026.148115457218,6.620636644533058,0,39.28206892441028,-73.41841812392252
2005,10,2005-10-01,Coupe,661,19411,53465,15039.811939114694,5.599891561420603,0,40.03490104249501,-74.19265679843087
2005,11,2005-11-01,Sedan,1901,20397,61895,14752.43690023463,6.9665166873281335,0,39.02395610023875,-74.0758925475178
2005,11,2005-11-01,SUV,1753,21177,45329,14958.375549928545,5.653499532670584,0,39.7053176215279,-73.57519895148948
2005,11,2005-11-01,Truck,962,20073,56746,15061.459904175323,6.306431059419481,0,40.31481442096181,-74.41449750546104
2005,11,2005-11-01,Coupe,641,20448,54577,14995.819681207171,5.958663691654391,0,40.63883244789421,-74.29578569441792
2005,12,2005-12-01,Sedan,1944,19878,48367,15219.755370397437,6.3127081744940154,0,40.406754818000316,-73.34726059642284
2005,12,2005-12-01,SUV,1702,21429,47672,15064.83327049769,5.834928472816158,0,40.04849798249636,-73.70242148728154
2005,12,2005-12-01,Truck,904,21786,42454,14757.162277442454,6.479055436750034,0,40.39583134698147,-73.68794009147392
2005,12,2005-12-01,Coupe,683,19992,43270,15015.160911638744,5.561419144243945,0,40.48755986670888,-74.07352869075108
2006,1,2006-01-01,Sedan,1807,19807,53096,14937.255089439204,5.488889802216785,0,40.12184360574596,-73.87751671444563
2006,1,2006-01-01,SUV,1655,20703,51740,14760.383131700535,5.1962681128117225,0,39.64077788937378,-74.10672357585592
2006,1,2006-01-01,Truck,960,21407,56432,15018.012294007314,5.890491896048656,0,39.498735317681096,-74.00925656799619
2006,1,2006-01-01,Coupe,651,20193,43795,15153.869302848234,6.66636945650129,0,39.945619925771574,-73.79914413895052
2006,2,2006-02-01,Sedan,1959,19759,51680,15052.51848015636,5.948838049274416,0,39.613495108072264,-73.98774491287053
2006,2,2006-02-01,SUV,1745,21914,57194,15480.636491502311,5.516326218555975,0,40.436160318360336,-73.90832899713082
2006,2,2006-02-01,Truck,1054,20002,43702,14930.121470911196,4.8380521378450965,0,39.73712248915962,-74.37956633077685
2006,2,2006-02-01,Coupe,666,20205,64071,15240.08476763721,5.611548172168799,0,39.55079266432582,-73.75404041424675
2006,3,2006-03-01,Sedan,1757,21098,58845,14956.164869579059,5.043432735454561,0,40.67693618708271,-74.0572699226263
2006,3,2006-03-01,SUV,1812,19995,45504,15051.048739943637,5.923490296882371,0,39.774967264260376,-73.68857503382625
2006,3,2006-03-01,Truck,891,20412,50902,15152.88776681175,6.255807439044445,0,39.437678954081065,-74.76705708536781
2006,3,2006-03-01,Coupe,706,20199,44386,15360.230395104505,5.95783731714643,0,40.589648592031914,-73.96624075929495
2006,4,2006-04-01,Sedan,2096,21053,48132,15244.314190190871,6.222687974792574,0,40.68431577876618,-74.48246173029005
2006,4,2006-04-01,SUV,1762,21666,36809,14813.348297466844,4.88038391111995,0,39.865296582777724,-73.64122887210202
2006,4,2006-04-01,Truck,1020,20545,62214,14773.979708357021,5.048308780322423,0,39.97222615055169,-73.80796727553034
2006,4,2006-04-01,Coupe,660,18759,49331,14789.106099899029,6.234836274415019,0,40.18329912304842,-74.46993989316368
2006,5,2006-05-01,Sedan,2468,19364,49529,15241.028464100247,5.407136976832229,0,40.25202325775892,-74.26512880918622
2006,5,2006-05-01,SUV,2196,20932,42235,14939.270138930564,5.301061053705576,0,40.98236256645819,-73.98236822401414
2006,5,2006-05-01,Truck,1225,20631,49157,15005.806080093356,6.207083350021713,0,40.37875385502365,-74.26525057380526
2006,5,2006-05-01,Coupe,861,19834,32735,14746.961787560289,6.583437133722263,0,40.822483856750644,-74.1245180197782
2006,6,2006-06-01,Sedan,2577,20186,73091,15273.914982286915,5.836041204259617,0,39.522229779699785,-74.80322316012878
2006,6,2006-06-01,SUV,2286,20523,39333,14920.685423151495,5.3592259981928025,0,40.84357081753628,-73.55918012152527
2006,6,2006-06-01,Truck,1259,21410,50580,14877.743159734348,6.661562038634829,0,40.269455021842326,-74.51862307716323
2006,6,2006-06-01,Coupe,875,19474,39629,15235.235509506329,6.854708320235066,0,39.30071621309043,-73.71851538165471
2006,7,2006-07-01,Sedan,2454,19707,45557,14877.201846064037,5.924260813972414,0,39.584524941794484,-73.86477158711008
2006,7,2006-07-01,SUV,2263,20849,43193,14934.645733886333,6.277695612912878,0,40.25045859381219,-74.48877762239927
2006,7,2006-07-01,Truck,1264,20962,37479,15158.672038475986,5.568688120527077,0,40.28529933429658,-74.38162957827126
2006,7,2006-07-01,Coupe,818,19023,50360,15101.944500344296,5.447841687447796,0,40.319296229388684,-74.83076003113447
2006,8,2006-08-01,Sedan,2513,19273,45111,15059.479734263283,5.469793317358024,0,39.80772222788509,-73.49685359539278
2006,8,2006-08-01,SUV,2216,21526,41527,15155.960835583057,6.6207843103289505,0,38.76417774993636,-74.39844762773524
2006,8,2006-08-01,Truck,1288,20375,52783,14929.202962656836,5.94329489373645,0,39.92216138230396,-73.4161089691701
2006,8,2006-08-01,Coupe,890,20202,46910,14952.4787551855,5.68372090609019,0,40.19722607118915,-74.21049224041013
2006,9,2006-09-01,Sedan,2548,21245,56533,14984.795293566433,6.500606961081973,0,39.79596231348923,-75.01906226758892
2006,9,2006-09-01,SUV,2177,19821,47363,15053.68367583791,6.738218656137642,0,40.16346368688208,-74.10955026440443
2006,9,2006-09-01,Truck,1301,19140,51767,15204.173038777393,5.16070687711008,0,40.57187702160346,-73.8307517962528
2006,9,2006-09-01,Coupe,867,20379,67030,15086.373251011699,6.024110293150168,0,39.77031955022988,-74.4249221847324
2006,10,2006-10-01,Sedan,1973,19486,50536,14954.468510646977,6.139489912873196,0,40.166831052643474,-73.48123002787105
2006,10,2006-10-01,SUV,1655,20829,42659,14961.141347984778,6.088650246522427,0,40.37849430832268,-74.46108266208881
2006,10,2006-10-01,Truck,988,21333,53100,15425.359162511613,5.513105400448214,0,39.377672648344294,-74.88936012445214
2006,10,2006-10-01,Coupe,713,20392,49583,15105.993725263965,5.337255476350812,0,41.222875989808415,-73.93538940901239
2006,11,2006-11-01,Sedan,1900,20435,53607,15094.776804855826,5.504762772277345,0,40.235734178567995,-73.05898775176249
2006,11,2006-11-01,SUV,1822,22003,46165,14852.079035948283,5.8371065399501765,0,40.02786245614435,-73.45290424076452
2006,11,2006-11-01,Truck,860,21440,48814,14964.623786010516,5.393947812369917,0,39.172571664067114,-73.58841470801904
2006,11,2006-11-01,Coupe,664,19226,40286,14982.843060141975,6.734510762644697,0,39.870204324318195,-74.75157147655905
2006,12,2006-12-01,Sedan,1865,19836,29773,15039.141026696438,5.784532734895661,0,40.34810318240671,-73.07552195252732
2006,12,2006-12-01,SUV,1802,20830,41701,15564.671960649972,5.929609217007244,0,40.00696464595647,-74.012062543555
2006,12,2006-12-01,Truck,954,20411,45697,14940.628211751922,5.883623364892001,0,39.728287614433114,-74.35642289133858
2006,12,2006-12-01,Coupe,665,19847,61279,14519.806038321398,6.4457534259612315,0,40.623042596248816,-75.03669511620407
2007,1,2007-01-01,Sedan,1855,19777,39443,14944.436662481825,5.344712077267086,0,40.87613522171181,-73.53216080342627
2007,1,2007-01-01,SUV,1815,21454,41532,14995.095946744046,6.144687280613959,0,39.38893609555403,-73.64350078491381
2007,1,2007-01-01,Truck,932,20269,55332,15188.852662297208,5.71951691709046,0,40.57966490168212,-74.54053166379995
2007,1,2007-01-01,Coupe,683,20355,47678,15165.226604448424,5.274443211807349,0,40.46201350960345,-74.0924510682215
2007,2,2007-02-01,Sedan,1837,20629,44717,14818.307740727289,5.1216854132380485,0,40.30300497567282,-74.64021467624814
2007,2,2007-02-01,SUV,1858,19688,62723,15142.203493440524,5.851643444064804,0,39.72754045659553,-73.80043194282396
2007,2,2007-02-01,Truck,943,21178,50856,15130.060352292376,5.718193893893073,0,39.97152718813947,-73.84609911555397
2007,2,2007-02-01,Coupe,601,19191,55574,15134.173087625588,5.808008331823661,0,40.0092169665327,-73.82620914731916
2007,3,2007-03-01,Sedan,1836,19533,51468,14904.325444476994,6.104126377857236,0,39.14870819788108,-73.48542218133719
2007,3,2007-03-01,SUV,1743,21161,57370,15433.094888892516,6.407185032509066,0,39.07956288433418,-74.63978848336785
2007,3,2007-03-01,Truck,913,20516,53882,14954.851237369307,5.993383382238539,0,39.622308533823336,-74.30575890149598
2007,3,2007-03-01,Coupe,612,19446,39862,14904.825349404533,6.42682089830392,0,39.52530055558403,-72.6838089675813
2007,4,2007-04-01,Sedan,1939,20110,43562,15240.061975881797,5.6121810868811135,0,40.06100490732268,-72.7199577308656
2007,4,2007-04-01,SUV,1692,21724,44726,15093.002301900608,6.785400317817755,0,39.68651647110612,-73.09377572100153
2007,4,2007-04-01,Truck,980,20154,54743,15294.510889925346,6.210904981108598,0,39.21488764005477,-74.36356858791244
2007,4,2007-04-01,Coupe,652,19955,54655,15135.540200186651,5.23232782064495,0,40.19009892550298,-73.69470712735809
2007,5,2007-05-01,Sedan,2575,20648,56254,15191.836015845687,5.8649171442706765,0,39.169519533242,-73.78519089043371
2007,5,2007-05-01,SUV,2286,21171,40424,14883.788691918347,6.426576426666452,0,39.98022242307167,-73.65924965131369
2007,5,2007-05-01,Truck,1261,20518,57037,14996.791054356525,5.948060388470492,0,39.76886235564748,-74.21724811371615
2007,5,2007-05-01,Coupe,871,20133,46409,15351.151225114703,5.452696348890249,0,39.90656417791932,-74.21986552913708
2007,6,2007-06-01,Sedan,2664,20117,57738,14802.887925392606,6.0335251329346296,0,40.444815397811716,-73.95885800536229
2007,6,2007-06-01,SUV,2363,20674,60570,15559.77962472385,5.718580719780171,0,39.777248739299615,-73.27330776144115
2007,6,2007-06-01,Truck,1338,20178,46848,15043.643078227899,5.227774744482862,0,39.5406740267579,-74.50207038337604
2007,6,2007-06-01,Coupe,855,19979,51756,15410.100098562816,5.400822979630605,0,40.49216119923829,-74.10699442211275
2007,7,2007-07-01,Sedan,2515,20404,41579,15176.48194923681,5.983226104106528,0,40.24622563200408,-73.85541567804609
2007,7,2007-07-01,SUV,2488,20598,46017,14975.371894715046,5.622261440419873,0,39.681306436346745,-73.40549173444623
2007,7,2007-07-01,Truck,1331,20148,43757,15194.28311127728,5.623888477859515,0,40.31646590887775,-73.89853848957435
2007,7,2007-07-01,Coupe,828,20928,63469,14977.442261903123,5.7061492200320085,0,40.142932695362454,-73.83277160500649
2007,8,2007-08-01,Sedan,2585,21206,48672,14940.34055109231,5.210340385992737,0,39.63453498002904,-74.0165634864369
2007,8,2007-08-01,SUV,2429,20673,51678,15096.71542078545,6.494196636724042,0,41.26346621293681,-74.26543438646016
2007,8,2007-08-01,Truck,1235,21142,55114,15469.341465147207,6.191964092662983,0,39.82035395460647,-73.70467258465385
2007,8,2007-08-01,Coupe,920,20492,53804,15313.33493791783,6.484647795222837,0,40.691079495518764,-73.67564505620518
2007,9,2007-09-01,Sedan,2503,20088,59048,14936.612865802554,6.084336654436451,0,39.80333059383632,-73.9856275885326
2007,9,2007-09-01,SUV,2383,21120,50348,14828.028771804016,6.273126783013611,0,40.322742090570536,-72.91837263834726
2007,9,2007-09-01,Truck,1244,20634,51870,15415.490655952695,5.852352233806524,0,40.139510762885166,-73.69605174514173
2007,9,2007-09-01,Coupe,888,19732,51455,15314.726349971954,5.386742350294471,0,40.06648483707344,-74.35006040746958
2007,10,2007-10-01,Sedan,2009,19086,45808,15175.442375012904,6.682762014617171,0,39.967124869463504,-74.2775997633466
2007,10,2007-10-01,SUV,1870,20087,33508,15188.002890010666,5.648972887823695,0,39.489383591434645,-73.64582177635032
2007,10,2007-10-01,Truck,957,20153,40397,15274.491465656029,6.2251005889793305,0,39.95041206811031,-73.07668150197617
2007,10,2007-10-01,Coupe,624,19084,44810,15090.8827967289,6.021669724661346,0,39.87938197107184,-73.82397230174286
2007,11,2007-11-01,Sedan,1764,20866,49383,15323.459166317625,6.071362673188853,0,40.22837660957689,-73.7151163598839
2007,11,2007-11-01,SUV,1741,21404,59968,15139.304233940295,6.254501878794256,0,39.955132152856386,-73.27994139227526
2007,11,2007-11-01,Truck,911,21607,49698,14813.84497957639,5.964052207455395,0,39.65947417126256,-73.57967822550563
2007,11,2007-11-01,Coupe,638,19732,35828,15009.538736150185,4.688060336685522,0,39.208048588257135,-73.61979267192785
2007,12,2007-12-01,Sedan,1968,20255,42747,15090.457728771604,5.898198730454716,0,39.42081765540373,-73.24830084911642
2007,12,2007-12-01,SUV,1779,20860,50201,15141.676561589511,4.879132565787855,0,39.876411308739705,-74.3409921239989
2007,12,2007-12-01,Truck,894,20327,63482,15228.168572253402,5.6144105051086015,0,40.28629139067808,-73.300322281707
2007,12,2007-12-01,Coupe,693,20035,45147,15239.644662722718,6.096742692710875,0,40.44759661001387,-73.68241409915902
2008,1,2008-01-01,Sedan,1364,19678,71856,15189.51992093848,7.537630436312632,1,39.65540609095522,-73.13201809841738
2008,1,2008-01-01,SUV,1151,20589,55645,15085.930538361135,6.712082973200959,1,40.26141774401775,-74.28685000196928
2008,1,2008-01-01,Truck,628,21817,75547,15237.264733934806,6.5190017390841,1,40.06001566335913,-73.69324101363479
2008,1,2008-01-01,Coupe,405,19845,44982,15229.844624521056,6.82359796985137,1,39.758406768850314,-73.21300661835498
2008,2,2008-02-01,Sedan,1137,19121,62020,15359.419660522432,7.341963845728935,1,39.77055786856553,-73.46065958328435
2008,2,2008-02-01,SUV,1130,20891,67952,15280.464575682683,5.711803921507875,1,40.73827017486295,-73.30995432292627
2008,2,2008-02-01,Truck,598,20743,64446,15202.13475316478,6.22484742307729,1,39.66418831603097,-74.01277703549572
2008,2,2008-02-01,Coupe,482,20326,56664,15304.339742129669,5.075728689684962,1,40.574382850186055,-74.86985688938906
2008,3,2008-03-01,Sedan,1223,19328,48347,15382.165357475704,6.266149399344054,1,40.173251940865356,-74.0234602894396
2008,3,2008-03-01,SUV,1176,21048,48453,15349.253363889427,6.253121708419344,1,39.22170905067012,-74.21405758048296
2008,3,2008-03-01,Truck,705,21022,56862,15080.148459136315,6.3391824743913086,1,41.03837399178042,-73.80903227388423
2008,3,2008-03-01,Coupe,456,20618,62149,15098.19157083586,6.401825075457511,1,39.96419937029297,-74.01861111825492
2008,4,2008-04-01,Sedan,1332,20031,66593,15133.856683978283,6.539317595158045,1,39.000899657733946,-73.54183616264876
2008,4,2008-04-01,SUV,1165,21628,33933,15567.674940956145,6.430205185922413,1,40.554091408368755,-74.51995296356276
2008,4,2008-04-01,Truck,660,19852,54386,15532.806270773357,6.404658799618327,1,40.10871643658986,-73.56496613465562
2008,4,2008-04-01,Coupe,458,20090,63284,15630.683117047654,6.471190601483207,1,40.100549523357486,-73.47467280199619
2008,5,2008-05-01,Sedan,1790,20712,65748,14921.399017453903,7.316715766150548,1,39.426827303490654,-73.84868226738048
2008,5,2008-05-01,SUV,1444,20959,62958,15214.271443090054,6.710960377117642,1,40.80685563452932,-73.77323284924302
2008,5,2008-05-01,Truck,827,21092,70705,14904.478436972602,6.798700034924929,1,40.35058637115545,-74.14878175167999
2008,5,2008-05-01,Coupe,636,19909,61130,15115.385635143226,6.507789523790734,1,39.4518624565524,-74.72002544129715
2008,6,2008-06-01,Sedan,1839,19491,51077,14719.321977279256,6.180519126155249,1,39.33845510329625,-73.17899241993182
2008,6,2008-06-01,SUV,1602,20566,80271,15346.35309739832,6.337584308245689,1,38.75029714256321,-72.85452871370462
2008,6,2008-06-01,Truck,770,19488,69203,15637.950481267855,7.192136409255259,1,40.28195456002618,-73.70262282916735
2008,6,2008-06-01,Coupe,617,20455,62530,15170.840220790375,6.468703436050239,1,39.62301770556666,-74.14033753843339
2008,7,2008-07-01,Sedan,1510,19940,51102,14929.282136556845,6.589947075576739,1,40.696001143172296,-73.54084169699884
2008,7,2008-07-01,SUV,1370,20376,68466,14953.502521292337,6.387683425001487,1,40.27502604951228,-74.48417222743181
2008,7,2008-07-01,Truck,845,19679,54587,15213.956386828508,5.7035031332341655,1,40.2202373689802,-74.00981889946334
2008,7,2008-07-01,Coupe,607,20134,72277,15175.044900529581,6.285297229437374,1,40.06114875151614,-73.72835098548181
2008,8,2008-08-01,Sedan,1684,20024,53682,15017.41981648981,5.798697364100153,1,40.87478837159347,-74.62193161769564
2008,8,2008-08-01,SUV,1449,20547,68054,15091.010064341594,7.123871036336867,1,39.663254687878066,-73.8605029188881
2008,8,2008-08-01,Truck,798,21819,49311,15211.964142045406,6.816888440466049,1,40.20689954872575,-74.09264382943886
2008,8,2008-08-01,Coupe,583,20026,58676,15342.775823358981,7.605261500795676,1,39.72125410749608,-74.68490148978954
2008,9,2008-09-01,Sedan,1671,21547,52766,15477.823361088813,7.338850407038221,1,39.723205879146,-73.71550846040736
2008,9,2008-09-01,SUV,1658,20761,58167,15033.663817210272,5.992621634653567,1,39.67536122746699,-74.61197013338113
2008,9,2008-09-01,Truck,841,20026,62104,14838.820870759275,6.665440116107229,1,40.41676448080446,-74.99686782128573
2008,9,2008-09-01,Coupe,601,20736,49113,15484.51447736754,6.709509504683022,1,39.64749407212079,-74.02788453882886
2008,10,2008-10-01,Sedan,1315,20045,64848,14965.865281384127,6.584680412018039,1,39.29314275154751,-74.05561303067435
2008,10,2008-10-01,SUV,1052,20536,71124,15368.262024118854,6.804569060453589,1,39.45384361766371,-74.1582042248474
2008,10,2008-10-01,Truck,690,20587,80873,15228.663567878875,6.596024558245015,1,39.84544176789875,-73.93322954760886
2008,10,2008-10-01,Coupe,435,20424,68610,14992.80210789841,5.834383523221111,1,39.08189731344835,-73.74600433654373
2008,11,2008-11-01,Sedan,1149,18708,63497,15648.599903486558,6.496964544230053,1,40.41924538722582,-73.95908532072622
2008,11,2008-11-01,SUV,1125,21579,57387,15203.47846281438,6.660848903098007,1,39.66595477317848,-73.50397882523174
2008,11,2008-11-01,Truck,621,20035,64828,14970.306403641793,6.514090578684564,1,39.9954405016779,-73.45705221708421
2008,11,2008-11-01,Coupe,457,19984,67359,15428.041509803463,6.7789051531759315,1,40.00517630992169,-74.65591811617507
2008,12,2008-12-01,Sedan,1153,19816,54514,15112.60573940291,6.528324962448553,1,40.264846377178365,-74.03524938902954
2008,12,2008-12-01,SUV,1177,21040,42220,14962.132921236249,6.427956222139192,1,39.395152628579446,-73.7000356350019
2008,12,2008-12-01,Truck,706,21249,58079,15448.14522736999,6.574333728601056,1,39.83145701444098,-74.30670133177047
2008,12,2008-12-01,Coupe,430,19767,61533,15182.114796209973,6.501523010076707,1,40.21846908487318,-73.40467686260683
2009,1,2009-01-01,Sedan,1354,19109,37014,15386.863982247854,5.816560650792289,1,39.88761729905366,-74.58505651302968
2009,1,2009-01-01,SUV,971,21341,66832,15084.697919854656,5.2044788539275455,1,39.72687777587376,-73.80409799729873
2009,1,2009-01-01,Truck,556,20612,59862,15315.858299920217,6.559790184207077,1,39.51346552955922,-73.40171424916775
2009,1,2009-01-01,Coupe,435,19983,51600,15111.343549761697,6.05759864298655,1,39.91352697003829,-73.14414575992883
2009,2,2009-02-01,Sedan,1122,19031,73240,15158.135264569626,6.165463630670041,1,40.51995234369804,-74.30280776986844
2009,2,2009-02-01,SUV,1298,21427,55608,15631.461642653101,6.197142538498331,1,40.37104768600465,-73.85035370979675
2009,2,2009-02-01,Truck,695,21460,60288,15049.316425930763,6.7299860714695585,1,39.661142315123946,-72.99330637623669
2009,2,2009-02-01,Coupe,445,19780,61662,14930.57474209406,6.014192980744674,1,40.60020695397221,-74.3284471394857
2009,3,2009-03-01,Sedan,1155,20321,70671,15343.790662133013,6.998023842902908,1,39.62160245571527,-74.71090533337092
2009,3,2009-03-01,SUV,1269,20796,57742,15465.63882836981,6.77811500470033,1,40.227943886040805,-72.91749882754945
2009,3,2009-03-01,Truck,597,21070,60513,15253.71845577265,7.264234213206266,1,40.25391787814481,-73.73085196047518
2009,3,2009-03-01,Coupe,478,19781,52447,14991.038161195793,5.516821705311999,1,41.02810356497016,-74.55160418286084
2009,4,2009-04-01,Sedan,1237,19833,62766,15363.14744250786,6.930236744179872,1,39.70846128071553,-74.0835608568932
2009,4,2009-04-01,SUV,1159,20843,74466,15298.19499032765,6.867438893024909,1,40.33144063433371,-73.41326307125733
2009,4,2009-04-01,Truck,639,19702,63597,15069.728621241635,6.235691659125122,1,40.293182009377546,-73.38085846428318
2009,4,2009-04-01,Coupe,441,20185,75319,15248.150635897713,7.800841557090197,1,40.282754822815775,-74.88038137957791
2009,5,2009-05-01,Sedan,1755,20228,71607,15334.636270253992,6.430772008008113,1,39.387850881855314,-74.10451162864301
2009,5,2009-05-01,SUV,1435,20634,65297,15533.980900870281,6.69733576491149,1,39.40205846898241,-73.77769866588993
2009,5,2009-05-01,Truck,899,20124,58793,15202.93763894584,6.10755084345888,1,40.32414021692193,-74.0604740743039
2009,5,2009-05-01,Coupe,602,19467,56062,15344.476271565554,6.313583423954117,1,40.8634819256167,-74.1998180928073
2009,6,2009-06-01,Sedan,1702,20559,47234,14847.838237603844,5.737171842714953,1,40.631292051713594,-74.27592907294623
2009,6,2009-06-01,SUV,1742,20644,61660,15508.421990513576,7.503046444079562,1,41.0307517883182,-73.39581688470344
2009,6,2009-06-01,Truck,891,20864,67005,15089.762856734293,6.090900558288847,1,39.99831277129452,-74.08509231126247
2009,6,2009-06-01,Coupe,572,20417,68597,15217.68137725837,7.238765040527631,1,39.42915544293325,-74.09682972963986
2009,7,2009-07-01,Sedan,1608,18880,59255,15175.650498323343,7.256724871621065,1,40.315405842277386,-74.5120934121646
2009,7,2009-07-01,SUV,1678,21769,65238,15154.703180230033,6.02028038163826,1,39.81389661196447,-73.45562569014791
2009,7,2009-07-01,Truck,934,21449,55600,14976.076513342197,6.570443123455602,1,39.11578031721857,-73.8384161429076
2009,7,2009-07-01,Coupe,582,19720,45647,15302.720021313944,6.233649580169044,1,39.41504158214486,-75.43613110664083
2009,8,2009-08-01,Sedan,1677,21063,74951,15108.580748682745,6.1988939698191095,1,40.23438712803751,-74.49919271959415
2009,8,2009-08-01,SUV,1539,21482,71042,15179.96918470401,6.398163124911517,1,39.56100870662172,-74.41344017701994
2009,8,2009-08-01,Truck,828,20725,68222,15039.36420986393,7.246344284479761,1,39.86443819947871,-74.01068364717422
2009,8,2009-08-01,Coupe,561,18545,67956,15347.368779418486,6.359336221440893,1,40.033495358612434,-73.74203039114795
2009,9,2009-09-01,Sedan,1523,19682,67148,14949.14211536615,6.646778966083315,1,39.3217090976883,-73.76678500878323
2009,9,2009-09-01,SUV,1508,19982,70482,15053.08168464039,6.09487378149281,1,40.100284598615474,-73.42568132528564
2009,9,2009-09-01,Truck,789,20537,63859,15338.621121452628,6.588220777638613,1,39.81648608045834,-74.41379511032436
2009,9,2009-09-01,Coupe,591,19356,33707,15287.311960831534,6.951967420543098,1,38.81853378222908,-74.50486535235497
2009,10,2009-10-01,Sedan,1321,21234,60187,15054.399411754173,6.4085517794475795,1,40.68743820957409,-74.32298208956227
2009,10,2009-10-01,SUV,1062,20695,51420,15224.534063198958,7.31233922923478,1,40.16153963655801,-74.12617675106314
2009,10,2009-10-01,Truck,615,19538,67947,15184.432560597439,6.409760043204687,1,41.59655378392243,-73.85062354581716
2009,10,2009-10-01,Coupe,414,19744,70336,15222.654082107552,5.780861010841317,1,40.4596144672876,-74.33407204276949
2009,11,2009-11-01,Sedan,1447,20648,55974,15456.203272347022,6.533927755263702,1,40.42638683756111,-73.75763359135276
2009,11,2009-11-01,SUV,1057,20594,69269,15133.044933578693,6.298175768379002,1,39.522438710325325,-73.78820046720327
2009,11,2009-11-01,Truck,733,19843,60217,15482.444111083087,6.460179304377142,1,40.22618589812487,-74.53119676407344
2009,11,2009-11-01,Coupe,455,19887,68871,15437.47721031295,7.794781821009307,1,40.28981658660679,-73.83710184170891
2009,12,2009-12-01,Sedan,1279,19788,63046,15140.919717972194,6.584230488134807,1,40.65879876780398,-74.50327128263982
2009,12,2009-12-01,SUV,1236,21829,58937,14775.629020198281,6.196089006452784,1,40.648497273280555,-74.01143403114943
2009,12,2009-12-01,Truck,580,20189,67565,15309.346713640276,6.380533950415153,1,39.816587794092655,-74.19587907452191
2009,12,2009-12-01,Coupe,408,20969,57099,15443.4317041651,7.2606580259612254,1,40.49915544907398,-74.21581015635903
2010,1,2010-01-01,Sedan,1930,19985,43222,15314.87185634432,5.310480104420099,0,40.59383969423078,-74.2323086486492
2010,1,2010-01-01,SUV,1719,21178,48058,15367.338760295055,5.662548171688738,0,40.43564864872862,-74.67298984012338
2010,1,2010-01-01,Truck,951,21692,42497,15114.451005895029,6.156953924829458,0,40.0897908909698,-73.82468495036322
2010,1,2010-01-01,Coupe,678,20380,58322,15331.963731385702,5.7793711726907295,0,40.33628685060137,-73.0500590325524
2010,2,2010-02-01,Sedan,1876,19415,58303,15225.92376720928,4.813665226992982,0,40.42371083857521,-74.26766409297696
2010,2,2010-02-01,SUV,1692,21209,51428,15391.890363427809,5.682256814715078,0,40.25655289908804,-74.12977333879196
2010,2,2010-02-01,Truck,981,20878,42984,15467.196423235006,5.632018277442977,0,40.40402889914057,-73.81635634329933
2010,2,2010-02-01,Coupe,725,19865,47380,15246.116078822453,5.7484101085828625,0,40.399970950971024,-74.80815530421829
2010,3,2010-03-01,Sedan,1784,19359,57127,15592.122674516386,5.847775390731265,0,39.915589138405,-73.9649739184434
2010,3,2010-03-01,SUV,1805,20415,51787,15445.039525956487,6.150547084969923,0,40.09479080829937,-73.49947695371642
2010,3,2010-03-01,Truck,809,20916,45094,14883.873420628708,6.155601299762491,0,40.68682927258148,-74.06872425731385
2010,3,2010-03-01,Coupe,694,20967,59861,15577.992905874278,6.271063745535947,0,40.03771681945079,-74.80098290594859
2010,4,2010-04-01,Sedan,1865,19494,66282,15214.822837513533,5.961602403392243,0,40.27574268802023,-73.97819877681377
2010,4,2010-04-01,SUV,1853,20607,51459,15101.50588286039,5.239988744389647,0,39.69411545454736,-74.01851839852421
2010,4,2010-04-01,Truck,923,20074,39452,15233.378885474262,5.147639812984499,0,40.380027981844805,-73.95878012353275
2010,4,2010-04-01,Coupe,610,19814,44358,15313.834902083836,6.5702252230115725,0,39.062413765177126,-73.9424869604263
2010,5,2010-05-01,Sedan,2503,20402,51598,15099.606133652236,5.740473032166691,0,39.60198707159825,-73.4619964307007
2010,5,2010-05-01,SUV,2269,22197,49545,15108.318646617907,5.1431428036935865,0,39.09843016187203,-74.79206797150275
2010,5,2010-05-01,Truck,1273,20812,38141,15429.007662815224,5.658469474158281,0,40.073396505992775,-73.19388968587229
2010,5,2010-05-01,Coupe,913,19838,43316,14819.63691973414,5.540423340378791,0,39.894434880586154,-74.49358976357559
2010,6,2010-06-01,Sedan,2506,20046,48313,15119.999483835309,5.984327335983364,0,40.2209703247847,-74.54519953872142
2010,6,2010-06-01,SUV,2394,20937,50141,15391.642884651312,6.016608065631751,0,40.47656831695662,-73.85643791739909
2010,6,2010-06-01,Truck,1229,20722,41422,15271.711941155305,5.88338500467777,0,39.89594157136373,-74.06426875571947
2010,6,2010-06-01,Coupe,816,19670,50696,15281.97127839948,5.386162429537022,0,40.63285392043235,-74.43308742410726
2010,7,2010-07-01,Sedan,2616,20256,45153,15605.062178521903,5.30318158412176,0,40.459577086805,-73.49970884097851
2010,7,2010-07-01,SUV,2207,21877,48124,15307.738725855972,6.030160919385611,0,39.932845629264726,-73.59459586342011
2010,7,2010-07-01,Truck,1299,19424,59782,14917.501602392866,6.416273102170829,0,40.56335256841379,-74.5454832151076
2010,7,2010-07-01,Coupe,867,19336,48388,15188.393143162852,6.28983026613467,0,40.6551543730598,-73.30215809460502
2010,8,2010-08-01,Sedan,2463,19874,37374,15088.825986700762,6.3824258165487295,0,40.80779141177412,-74.61717443593996
2010,8,2010-08-01,SUV,2214,20983,52101,15088.07929601567,6.112030522232045,0,39.76308032646454,-74.00722613543914
2010,8,2010-08-01,Truck,1287,20503,46727,15228.078039214834,5.8558185203973325,0,39.81499448505894,-74.12939803133355
2010,8,2010-08-01,Coupe,937,20336,47783,15389.390880902147,5.733090255121995,0,40.58656231879332,-73.81517890390096
2010,9,2010-09-01,Sedan,2509,20268,38218,15024.64650621804,5.3030374968004725,0,40.071471547381854,-73.13374250025745
2010,9,2010-09-01,SUV,2468,21401,53756,14889.788453169453,5.628663100132989,0,39.60610812404588,-74.31042379912556
2010,9,2010-09-01,Truck,1251,20209,35155,15399.582051223506,5.363628487130097,0,40.119623432055576,-72.96295866512502
2010,9,2010-09-01,Coupe,849,18481,47854,15470.191926999714,6.879173727110297,0,39.38522520277379,-73.75165038838173
2010,10,2010-10-01,Sedan,1843,19936,69832,14949.40593432097,6.026869830747287,0,40.233846585882716,-73.45710683753033
2010,10,2010-10-01,SUV,1709,21194,47062,15303.82538824902,5.728403862251295,0,40.31078594492803,-74.18480516802181
2010,10,2010-10-01,Truck,963,20482,58445,15239.721255282302,5.013483765896559,0,40.630960750357,-74.4528661504313
2010,10,2010-10-01,Coupe,638,19642,60308,14822.865157204262,7.468874266829998,0,40.528028404533025,-73.88838054293542
2010,11,2010-11-01,Sedan,1884,20171,53908,15379.04311719001,6.177802233001724,0,40.04479034062762,-74.09866921015366
2010,11,2010-11-01,SUV,1687,20877,58503,15368.711344456173,4.42980568266786,0,40.32795038826488,-73.90263190264061
2010,11,2010-11-01,Truck,944,20261,58430,15439.505292424572,5.513561166088196,0,40.203526143562264,-74.48582836727064
2010,11,2010-11-01,Coupe,613,19623,56467,15440.625009075216,6.1565427100486465,0,40.362547893424,-73.74191085644252
2010,12,2010-12-01,Sedan,1825,20259,56003,15400.858265962715,6.494456685737322,0,40.35415192360053,-73.82427589622921
2010,12,2010-12-01,SUV,1797,20983,43385,15217.386607211247,5.5275486775967755,0,39.66241086251281,-74.07225933535776
2010,12,2010-12-01,Truck,905,20310,35797,15292.658741474588,5.900602737681113,0,39.591455684465906,-73.67037716578379
2010,12,2010-12-01,Coupe,694,19035,44279,15096.17153004254,5.430048449445568,0,40.41473742096587,-74.0969130693864
2011,1,2011-01-01,Sedan,1863,18797,54765,15052.148321029306,5.929966315133164,0,40.1386884689791,-73.31967070208067
2011,1,2011-01-01,SUV,1583,19097,51378,15660.102236302171,6.519473176469719,0,40.104829707637315,-74.24581809281602
2011,1,2011-01-01,Truck,985,19901,53572,15401.094031833325,6.43010495374944,0,41.37983001945554,-73.80379201641061
2011,1,2011-01-01,Coupe,643,19984,36731,15161.057373782189,5.695358780943448,0,39.737955801032705,-73.92382256398314
2011,2,2011-02-01,Sedan,1807,20672,50001,15298.139935772277,5.736052641743542,0,40.07759534192949,-73.58745086766618
2011,2,2011-02-01,SUV,1622,20585,47722,15030.825815305358,5.490371070139251,0,39.76188956322767,-73.56280540964363
2011,2,2011-02-01,Truck,958,20619,56381,15272.52564232012,6.095232424964445,0,39.94838912353375,-73.86731882530019
2011,2,2011-02-01,Coupe,641,18536,48992,15584.549627219989,6.363107701120796,0,40.48269874229558,-73.3819346390969
2011,3,2011-03-01,Sedan,1898,20118,45367,15236.78542879459,6.207885574885571,0,40.601942218584405,-74.0697231378405
2011,3,2011-03-01,SUV,1660,21000,54509,15011.229036773291,4.751909523431381,0,39.72473157525421,-74.61035621295709
2011,3,2011-03-01,Truck,919,20409,46600,15590.493506894149,6.063372382301161,0,40.150237179805416,-73.68889642797829
2011,3,2011-03-01,Coupe,621,20623,49431,15434.096123448242,5.3640713834799225,0,39.22312061699197,-73.59105517098749
2011,4,2011-04-01,Sedan,1927,19458,43477,15525.086956882953,5.305294053566336,0,40.821336476627984,-74.45031036732394
2011,4,2011-04-01,SUV,1758,20792,54523,15191.177199577161,5.818603546963853,0,40.02045958769786,-74.50109372789073
2011,4,2011-04-01,Truck,982,20184,48285,15101.130125078298,4.618833170602345,0,39.904486118699914,-72.79369228919354
2011,4,2011-04-01,Coupe,688,19988,48028,15304.493178562409,6.173559557587605,0,39.40959359234558,-73.44283915266557
2011,5,2011-05-01,Sedan,2591,20430,53288,15303.923331538797,6.236430617983411,0,40.29590706687069,-74.17702035547052
2011,5,2011-05-01,SUV,2216,21064,61617,15052.17858486922,5.16623736712378,0,40.08238042061826,-73.97455614907199
2011,5,2011-05-01,Truck,1268,20650,48325,15597.972687720416,5.099548010761742,0,39.585751487609876,-74.05162738007452
2011,5,2011-05-01,Coupe,824,19894,62461,15304.177297659193,6.015350452859342,0,39.36991761741371,-74.30818070401973
2011,6,2011-06-01,Sedan,2482,19809,59612,15411.538212145026,5.344271021531484,0,40.123252389216,-73.75088912575161
2011,6,2011-06-01,SUV,2370,21995,42386,15137.828497757931,5.271211070542693,0,39.88299007044651,-73.76682081277683
2011,6,2011-06-01,Truck,1309,20453,47601,15330.351598449748,5.482428549184989,0,41.04476936084739,-74.80383051355903
2011,6,2011-06-01,Coupe,888,21214,50050,15261.992192999702,5.721277288594787,0,39.9098041591188,-73.31357576266174
2011,7,2011-07-01,Sedan,2298,20920,39320,15246.669534153118,5.685377789850669,0,40.29427663488536,-74.79906217594187
2011,7,2011-07-01,SUV,2309,22275,39776,15337.941233522079,5.569008911101696,0,40.21294360309652,-73.99042611129212
2011,7,2011-07-01,Truck,1227,20800,63532,15261.81924165454,6.259878971074091,0,39.353363521064416,-74.478218188409
2011,7,2011-07-01,Coupe,898,20890,52667,15237.38839389537,5.899645702711678,0,39.37479613301514,-73.69774233682232
2011,8,2011-08-01,Sedan,2608,19728,46474,15353.175645930409,5.6816401319797025,0,39.966933692687086,-72.95013910541674
2011,8,2011-08-01,SUV,2245,20774,45143,15448.838394299988,5.809387913390949,0,39.675313480839286,-73.33934798386349
2011,8,2011-08-01,Truck,1330,20130,36000,15501.502737967385,5.5576850871199985,0,40.39531279958138,-74.98505190885592
2011,8,2011-08-01,Coupe,913,19273,55480,15302.854613567286,5.423030290301678,0,39.79648184353661,-73.65684077152164
2011,9,2011-09-01,Sedan,2530,20350,64823,14987.15167765779,6.708606287484312,0,40.052177968761605,-74.44939202416157
2011,9,2011-09-01,SUV,2148,20880,56912,15274.490175924493,6.655577465123674,0,39.27441215497422,-74.00604447392303
2011,9,2011-09-01,Truck,1197,20723,56651,15215.84764126379,4.597893071686434,0,40.09947407339825,-73.78163072413325
2011,9,2011-09-01,Coupe,896,20741,41967,15436.043221090089,6.496253756238988,0,39.11070620799674,-73.84017408704051
2011,10,2011-10-01,Sedan,1839,19951,52607,15202.554287177289,5.562145960419194,0,40.017076208744015,-74.5436229694314
2011,10,2011-10-01,SUV,1603,21428,41384,15433.262500181841,6.131295646426976,0,39.1370966356047,-74.33878232616783
2011,10,2011-10-01,Truck,1004,19896,46516,15392.41217865038,6.291695254641298,0,39.87423055697775,-74.29875509734582
2011,10,2011-10-01,Coupe,711,21043,57341,15317.063628513004,5.495867139179537,0,39.58477779672172,-73.73874294736711
2011,11,2011-11-01,Sedan,1931,20840,54878,14999.383939648036,6.4259738088614595,0,39.50096968634279,-74.19198563597618
2011,11,2011-11-01,SUV,1723,22257,73324,15421.344611827237,5.808401690639807,0,40.26725282424027,-73.55617228706308
2011,11,2011-11-01,Truck,928,21604,51725,15399.548617818278,6.232962126027231,0,40.21079330530723,-73.58052974976519
2011,11,2011-11-01,Coupe,639,19665,41748,15387.900246124045,6.289468251756057,0,40.22888643307594,-73.16275378332624
2011,12,2011-12-01,Sedan,1889,20401,41812,15222.58005950512,6.247768878782889,0,40.42455105537157,-74.1469834738321
2011,12,2011-12-01,SUV,1694,20043,47322,15478.076632703956,6.187602508053283,0,40.250332860690605,-73.97511315640952
2011,12,2011-12-01,Truck,945,20093,55241,15384.194588877877,6.1460094239964,0,39.73698257866621,-75.07667145993562
2011,12,2011-12-01,Coupe,699,19712,43529,15438.695782382798,5.703993680040435,0,40.52996819202331,-73.69149702521165
2012,1,2012-01-01,Sedan,1958,19180,59089,15402.25010624677,5.715361430376899,0,40.071694233671124,-74.88811761644916
2012,1,2012-01-01,SUV,1737,20351,39854,15045.528162756422,6.456344187494963,0,39.6853683031536,-73.23313614504175
2012,1,2012-01-01,Truck,918,19449,41626,15597.162324001387,5.822050911031667,0,39.7258563517547,-73.91999088707361
2012,1,2012-01-01,Coupe,679,20670,60863,15278.046270842184,5.236976156958981,0,39.793267419438365,-73.86985974670856
2012,2,2012-02-01,Sedan,1793,19425,52578,15340.26952968591,5.916398497705794,0,39.620752332649964,-74.11520035710288
2012,2,2012-02-01,SUV,1617,21560,57764,14980.762427552381,5.435244569903795,0,39.25173537245496,-74.32501196720345
2012,2,2012-02-01,Truck,940,19608,43086,15149.208525583701,6.003633664699472,0,40.03467216851813,-74.36086877666862
2012,2,2012-02-01,Coupe,667,19671,47962,15684.690418059707,6.570230525895174,0,39.3502093815362,-73.58513379106041
2012,3,2012-03-01,Sedan,1971,19311,56140,15657.58638368251,5.338727596877794,0,39.54124858949287,-73.49116926657825
2012,3,2012-03-01,SUV,1725,21347,52554,15428.13918418563,5.236763935844459,0,40.52365885331072,-73.41520500378611
2012,3,2012-03-01,Truck,933,20473,38516,15452.850951203567,6.186028720857072,0,39.968904491500346,-73.43782332006475
2012,3,2012-03-01,Coupe,649,20338,42352,15345.289569825152,5.812822871048582,0,40.11265396102047,-74.18476346441668
2012,4,2012-04-01,Sedan,1876,20495,46724,15028.684579852265,6.774791952102711,0,40.69072703934524,-74.64613134755281
2012,4,2012-04-01,SUV,1763,20683,51976,15408.844825802698,5.782796099841839,0,39.6081171672068,-74.34527052615813
2012,4,2012-04-01,Truck,899,19988,49496,15206.84800217785,6.24102603285631,0,40.74362307766796,-74.29002662068503
2012,4,2012-04-01,Coupe,669,20299,53540,15365.191053583218,6.2713412091798615,0,40.24112447634033,-74.61883121116365
2012,5,2012-05-01,Sedan,2606,20532,44275,15357.58756708952,6.2416644964055354,0,39.89534309021032,-73.46351097611699
2012,5,2012-05-01,SUV,2480,20504,39642,15410.763719120976,6.260781252563072,0,39.88456681307762,-73.27336966833948
2012,5,2012-05-01,Truck,1193,20926,45456,15693.87558124146,6.896257676584059,0,39.61667170610833,-74.27477856795429
2012,5,2012-05-01,Coupe,912,19767,49659,15355.077684108483,4.940163421901172,0,39.99308112695288,-74.34486388703209
2012,6,2012-06-01,Sedan,2470,20866,40576,15512.641037349595,5.760518534834096,0,39.86011991575208,-73.60481405197415
2012,6,2012-06-01,SUV,2298,21359,57261,15283.738323363335,5.593881632746125,0,39.4574247367211,-74.41270526498948
2012,6,2012-06-01,Truck,1407,21265,39866,15085.508408651285,6.140933030859246,0,40.27363239868898,-73.72555808234132
2012,6,2012-06-01,Coupe,873,19924,52459,15367.178601258665,4.790349813626233,0,39.8851001847124,-74.42570321713016
2012,7,2012-07-01,Sedan,2537,21791,52756,15287.29406276552,6.360900750988627,0,40.241343943604605,-73.78995275477408
2012,7,2012-07-01,SUV,2322,22295,41518,15444.726415362291,5.4368094350092315,0,40.277756323171126,-74.45934325574305
2012,7,2012-07-01,Truck,1239,20318,57318,15533.690888788482,5.277141311776808,0,40.027467055499926,-74.35478992737458
2012,7,2012-07-01,Coupe,837,19869,47686,15835.343297269104,6.116479912680348,0,39.31119124962288,-74.28238700208547
2012,8,2012-08-01,Sedan,2622,21253,38105,14974.01512297219,6.835482587685892,0,40.19480708868545,-74.43414636593819
2012,8,2012-08-01,SUV,2316,19339,50025,15415.564234568617,6.362135069768915,0,39.49305202385373,-73.95715641929831
2012,8,2012-08-01,Truck,1213,20657,43284,15268.379832167955,5.402092302604886,0,40.325568120911825,-73.57077444167167
2012,8,2012-08-01,Coupe,873,20022,39135,15290.064670398642,5.874897691479128,0,41.31039654551499,-74.55598351288708
2012,9,2012-09-01,Sedan,2666,20598,52104,15701.724096839027,6.086052736303432,0,40.194579597833965,-74.02656032650877
2012,9,2012-09-01,SUV,2378,21690,45307,15086.150561080247,5.798509681302172,0,39.599980717801174,-74.03176228730767
2012,9,2012-09-01,Truck,1321,20218,49678,15361.604546961678,6.324215441102643,0,38.876555333007694,-74.30335014738264
2012,9,2012-09-01,Coupe,889,20720,46310,14974.689458791625,6.209855722983068,0,39.68231880558719,-74.59483332954518
2012,10,2012-10-01,Sedan,1827,19889,45464,14908.886788580186,6.348533098443567,0,40.63743752063936,-73.67423900433025
2012,10,2012-10-01,SUV,1598,20873,49951,15469.758877912382,6.23417024435904,0,39.63291310061075,-73.95900222179321
2012,10,2012-10-01,Truck,967,21395,55283,15507.811337475105,5.9419133139646805,0,40.70522957260175,-73.79511860202025
2012,10,2012-10-01,Coupe,631,20842,55234,15261.391195774304,5.660253516300378,0,40.148287772570384,-73.76840760236621
2012,11,2012-11-01,Sedan,1909,20186,62749,15564.308630446978,5.995317795632513,0,40.47065529038374,-74.51626195176377
2012,11,2012-11-01,SUV,1736,22139,48364,15180.473214276182,5.57395555570347,0,39.4551834813288,-74.39238095406385
2012,11,2012-11-01,Truck,926,19635,50117,15530.45543475733,5.44612190992654,0,40.75964196182088,-73.7446039557362
2012,11,2012-11-01,Coupe,697,19605,56408,15131.613219920937,6.345123750418255,0,40.08591966989677,-73.7233743900076
2012,12,2012-12-01,Sedan,1772,19462,54479,15160.33039915516,6.131603146049562,0,39.316431096769875,-73.57591289366667
2012,12,2012-12-01,SUV,1590,21347,54692,15210.645636314084,6.191013283542364,0,40.13022113166678,-74.26942092809637
2012,12,2012-12-01,Truck,894,19292,52622,15037.039445727589,5.947672099720655,0,39.868275891958874,-73.6604286122809
2012,12,2012-12-01,Coupe,650,19802,55489,15417.011605816824,6.058077978591389,0,40.23463379490426,-74.76778606160356
2013,1,2013-01-01,Sedan,1965,20367,42374,15351.18390526516,5.880346356186185,0,39.93275160779913,-73.83307001671574
2013,1,2013-01-01,SUV,1829,21681,40158,15524.413998061209,6.564466659767705,0,40.1934042603446,-73.45450978740702
2013,1,2013-01-01,Truck,1045,21129,51869,15609.01769481695,5.972443916548446,0,40.01195152164248,-74.17570711785686
2013,1,2013-01-01,Coupe,716,19508,61492,15499.972824748074,5.20034691259903,0,40.18382464649571,-75.05001325382581
2013,2,2013-02-01,Sedan,1952,20531,45557,15424.709539191117,6.877078716875143,0,39.74712664786903,-74.5294537935283
2013,2,2013-02-01,SUV,1834,22236,50027,15602.292607081672,6.570737957765441,0,39.628757883730806,-74.24265291768394
2013,2,2013-02-01,Truck,1006,21536,54221,15224.03712929959,6.893530555849721,0,39.734514551094016,-74.16756889058573
2013,2,2013-02-01,Coupe,673,20932,56404,15482.973100072382,6.1316442650590535,0,40.021757334321734,-73.72093024274075
2013,3,2013-03-01,Sedan,1637,19822,51809,15169.797183276098,6.09316165890578,0,39.89776438950694,-73.12226215084226
2013,3,2013-03-01,SUV,1842,20706,48868,15385.21048687832,5.674170261920189,0,40.09751249201406,-74.37914103444379
2013,3,2013-03-01,Truck,888,20882,54721,15239.136848068001,6.3476777153813,0,39.684211135417335,-73.87341738098101
2013,3,2013-03-01,Coupe,690,19979,53410,15296.714071222486,5.801766708285951,0,39.89707028455983,-74.37328917327012
2013,4,2013-04-01,Sedan,1872,19070,46316,15343.024901326065,5.771910123752311,0,39.87925127706461,-74.03088209993007
2013,4,2013-04-01,SUV,1744,21550,45126,15159.359828922172,5.378977793878449,0,39.75639853940254,-74.17596065890825
2013,4,2013-04-01,Truck,906,19702,46579,15436.285324022794,6.197514732917782,0,39.72128847344584,-74.20649891107172
2013,4,2013-04-01,Coupe,629,19981,43636,15514.62556264824,5.0070667540329445,0,39.82018516377377,-73.84944633040413
2013,5,2013-05-01,Sedan,2538,21615,52623,15199.189080631599,5.852267876455464,0,39.11187683326678,-74.04029987464838
2013,5,2013-05-01,SUV,2193,21576,45878,15376.64681684095,5.582221079297799,0,40.869425675926664,-74.16062138305895
2013,5,2013-05-01,Truck,1351,21000,53615,15473.746629463503,6.096898649108126,0,39.036163710327195,-74.13944169707538
2013,5,2013-05-01,Coupe,911,19970,39461,15389.519109884506,6.752052758127746,0,40.62344585776736,-74.03100200468302
2013,6,2013-06-01,Sedan,2615,19780,37220,15215.10680237409,6.6814443842541,0,39.86300345908535,-74.1216919896875
2013,6,2013-06-01,SUV,2241,22199,62194,15843.756046689627,5.820477394799974,0,40.14781224437355,-74.7583212747104
2013,6,2013-06-01,Truck,1333,19781,51625,15180.53949447343,5.605566586630652,0,39.58136878447515,-74.30393763033791
2013,6,2013-06-01,Coupe,863,19671,56250,15179.027441387496,6.010270713506934,0,40.60897957615278,-74.2565981822567
2013,7,2013-07-01,Sedan,2448,19861,58847,15438.821526190672,5.634392852696201,0,40.24193832559402,-74.55114607491821
2013,7,2013-07-01,SUV,2329,21257,47691,15232.282840310554,5.456659538858272,0,40.267408668172955,-73.38550974875547
2013,7,2013-07-01,Truck,1228,20781,34347,15283.07645386856,5.884470533564549,0,39.54515829150908,-74.4682531873948
2013,7,2013-07-01,Coupe,858,20175,48595,14952.353753335006,4.839649923682467,0,39.69656741107141,-73.77115670697323
2013,8,2013-08-01,Sedan,2245,19700,46053,15677.66755564169,5.707489094143568,0,40.19149449237047,-73.92937142995626
2013,8,2013-08-01,SUV,2076,21483,51615,15501.653727934918,7.863118853218164,0,38.9579435302507,-73.13765167511944
2013,8,2013-08-01,Truck,1245,20676,49658,15315.152733320392,5.615083535880621,0,40.16475436778651,-74.75858684833584
2013,8,2013-08-01,Coupe,908,19750,41524,15309.997428400837,6.528574608431287,0,39.73233245649189,-73.8207731908952
2013,9,2013-09-01,Sedan,2446,20454,55141,15769.721766659282,5.812218027250393,0,40.33432740237895,-73.95096623023053
2013,9,2013-09-01,SUV,2384,20547,55587,15361.060540776663,5.867905911445751,0,40.04587624222419,-73.87387980178666
2013,9,2013-09-01,Truck,1254,20632,61835,15597.089937123044,6.334577296248448,0,39.772230236988065,-74.44462041411417
2013,9,2013-09-01,Coupe,915,20525,61045,15279.203874806153,5.785225672319827,0,39.18025791873728,-74.19623555303043
2013,10,2013-10-01,Sedan,1989,19720,54803,15361.899378800437,6.06202851411078,0,39.42615430509217,-73.95739527518305
2013,10,2013-10-01,SUV,1431,20882,37771,15641.198903309363,6.288703676382256,0,40.23333549098304,-73.23949688642031
2013,10,2013-10-01,Truck,897,21574,56991,15352.688942556211,6.4678100735914725,0,39.44685324379418,-74.41225708076384
2013,10,2013-10-01,Coupe,640,19682,42075,15644.616613419064,5.770572799815085,0,40.17625248417844,-74.28517568320684
2013,11,2013-11-01,Sedan,1707,20162,35658,15386.273190782906,5.2158424805835955,0,40.9936379996154,-73.54431863891264
2013,11,2013-11-01,SUV,1710,21796,43652,15508.695875734018,5.999905216859357,0,40.132010040666835,-73.36382324994662
2013,11,2013-11-01,Truck,981,20677,37588,15207.990740944108,5.838645533202138,0,40.04668618713833,-74.56510186233696
2013,11,2013-11-01,Coupe,745,20909,54515,15414.407372256748,5.7938955150494245,0,39.52404076998888,-73.96125974074057
2013,12,2013-12-01,Sedan,1915,19254,52506,15368.94819023505,4.946096221061305,0,39.56980749461025,-74.20680276671082
2013,12,2013-12-01,SUV,1870,21350,39983,15497.207257883527,5.126348005530818,0,40.54134552694354,-74.23556232590894
2013,12,2013-12-01,Truck,940,21315,40346,15120.576362977401,5.608200336826998,0,40.51918942550966,-74.75967303773842
2013,12,2013-12-01,Coupe,562,19729,54138,15640.052349947766,5.668419318957301,0,39.794286696442,-73.42304963287212
2014,1,2014-01-01,Sedan,1703,19766,51428,15539.843744257007,5.6450966534045595,0,40.01722050585292,-75.24416367670649
2014,1,2014-01-01,SUV,1641,21285,42632,15461.79684431792,6.123436250401349,0,39.82872539957112,-73.91476811450171
2014,1,2014-01-01,Truck,896,20372,54576,15481.394592193687,5.606734365218033,0,40.11210820214539,-73.64269510468169
2014,1,2014-01-01,Coupe,589,20695,47478,15535.097986648047,6.498623461822614,0,39.31416315138477,-74.35472050121378
2014,2,2014-02-01,Sedan,1861,19529,63012,15278.645581234641,5.6222266102565674,0,40.102194515801486,-74.60107476303804
2014,2,2014-02-01,SUV,1665,21199,47503,15431.32262822001,5.635333943775815,0,39.24276484540962,-73.83920339433038
2014,2,2014-02-01,Truck,1032,20511,51689,15588.544551023371,5.265334751726651,0,40.8512573290648,-73.8988356017886
2014,2,2014-02-01,Coupe,718,19560,63635,15605.031098806956,6.17652004292618,0,40.11701222717657,-74.12426430903723
2014,3,2014-03-01,Sedan,2010,20084,35246,15226.562707658599,5.8070771239036265,0,40.15499949158278,-74.02829424444995
2014,3,2014-03-01,SUV,1810,19770,51076,15086.40415492257,6.279856147742085,0,39.952770642779,-73.79019501398794
2014,3,2014-03-01,Truck,901,21286,57812,15566.708860602377,5.83524137656828,0,40.28992864264757,-74.35344628399368
2014,3,2014-03-01,Coupe,691,20989,58029,15304.079506038519,6.080708658636552,0,39.353429228120675,-73.71380484441217
2014,4,2014-04-01,Sedan,1935,18878,41286,15393.372220651247,5.749570126429587,0,39.3952615322906,-73.80551063532391
2014,4,2014-04-01,SUV,1723,20877,44331,15659.741425283313,6.727703556544148,0,39.75821925807673,-74.3060834585774
2014,4,2014-04-01,Truck,969,20279,48954,15597.930630344934,4.945321956246354,0,40.65915116242633,-73.96365973783533
2014,4,2014-04-01,Coupe,647,19946,49718,15103.759739311015,6.647469113726618,0,40.02066281613531,-73.77849893477631
2014,5,2014-05-01,Sedan,2615,19387,53551,15396.47178182024,6.323385387608247,0,38.936386289824256,-74.04954715012063
2014,5,2014-05-01,SUV,2213,21272,53525,15308.474821035596,5.543913067911978,0,39.94466731572133,-74.4483211136576
2014,5,2014-05-01,Truck,1302,20272,28197,15375.035588675639,5.380728089578014,0,39.184362092269524,-74.61871331911128
2014,5,2014-05-01,Coupe,885,20797,52348,15328.699322356852,6.127952097585352,0,39.7704548448905,-74.34730018458157
2014,6,2014-06-01,Sedan,2404,18948,47075,15481.610697984026,5.851688164992556,0,39.792016536026324,-74.4728730303484
2014,6,2014-06-01,SUV,2322,20170,55820,15249.556596214656,5.523782381323483,0,39.26660740469216,-74.25070107344281
2014,6,2014-06-01,Truck,1308,20817,57338,15554.428509186788,5.3481650857348155,0,39.83460538783622,-74.39009956455872
2014,6,2014-06-01,Coupe,928,19281,56702,15628.590774021754,6.814810100858044,0,39.79515670368525,-73.64383892020992
2014,7,2014-07-01,Sedan,2748,19629,38487,15073.997993218447,6.256356014430666,0,39.05842489597071,-74.18615952646896
2014,7,2014-07-01,SUV,2307,21116,53190,15494.457971160171,6.539432906656697,0,39.5238418096306,-74.33849756922926
2014,7,2014-07-01,Truck,1221,21010,56752,15540.245063863702,6.491746833444965,0,39.41097956631181,-73.16638794422443
2014,7,2014-07-01,Coupe,935,20441,63363,15118.675358464445,5.637775931868674,0,39.632348269659026,-73.63926033812133
2014,8,2014-08-01,Sedan,2414,20454,60279,15589.0405800168,6.041875511830751,0,39.506063329549626,-74.42342548306269
2014,8,2014-08-01,SUV,2380,21490,49707,15366.418090846822,4.887096063444312,0,39.46457379065778,-73.04429045643013
2014,8,2014-08-01,Truck,1195,20616,57555,15199.015466399542,5.992355237390542,0,40.46895776875533,-73.99375033904637
2014,8,2014-08-01,Coupe,982,18998,57940,15415.439652520707,6.285960077418338,0,40.220653575849624,-74.366578098555
2014,9,2014-09-01,Sedan,2542,18885,54524,15509.631693198105,6.219330084321552,0,40.529059162543575,-73.81619007989515
2014,9,2014-09-01,SUV,2281,20444,44658,15687.346924035466,6.61816770285299,0,39.88094478184397,-73.97699862637336
2014,9,2014-09-01,Truck,1214,21221,54990,15838.24348729275,5.460838461410131,0,39.81099605049089,-73.88427703873721
2014,9,2014-09-01,Coupe,904,19870,43452,15626.281505784715,6.260567681272791,0,39.54186294971814,-73.32227859944726
2014,10,2014-10-01,Sedan,2007,20080,50596,15560.81155422318,5.469148464871871,0,40.01501573958204,-75.0761917723046
2014,10,2014-10-01,SUV,1779,20016,61275,15383.97598120671,5.794166509034412,0,39.68613304695775,-74.14401943696105
2014,10,2014-10-01,Truck,1015,18969,59577,15517.604696220342,5.296489176071392,0,39.46234380347538,-73.1618034863959
2014,10,2014-10-01,Coupe,628,19307,58529,15517.710575257182,5.431037211731801,0,40.10831248770231,-74.51287634182013
2014,11,2014-11-01,Sedan,2000,20636,53990,15522.332212249403,6.780594062433687,0,39.99984316369411,-74.5909370627104
2014,11,2014-11-01,SUV,1741,22314,42389,15377.707446661203,6.108223019050727,0,39.973047575497134,-74.49115179018865
2014,11,2014-11-01,Truck,1001,21926,51470,15269.1863420528,5.125519737473263,0,40.12898799061059,-73.44806132834186
2014,11,2014-11-01,Coupe,678,19998,45580,15231.567273456381,6.317375663162442,0,40.456885810692796,-74.77286489334537
2014,12,2014-12-01,Sedan,2048,20344,60496,15181.574450302976,5.217087922292281,0,39.92551534511635,-73.7486077865524
2014,12,2014-12-01,SUV,1862,21444,48179,15244.726158466821,6.515000286359576,0,39.517647287124646,-73.18576572261384
2014,12,2014-12-01,Truck,930,21478,55091,15422.600902111508,5.640301814086937,0,39.82954606132696,-73.78584165381238
2014,12,2014-12-01,Coupe,664,19643,48757,15465.71540594383,4.8356329527925945,0,40.22908405739435,-74.4898606123584
2015,1,2015-01-01,Sedan,1774,18987,36545,15228.910499377542,5.545489521184755,0,40.976629568763286,-74.2629398379476
2015,1,2015-01-01,SUV,1716,21252,50982,15484.511307854802,5.302353118200378,0,40.725463774139605,-73.09640167818105
2015,1,2015-01-01,Truck,860,19870,47901,15307.092441017961,6.152982776727933,0,39.63586389879669,-72.9174719660967
2015,1,2015-01-01,Coupe,703,20127,57702,15721.180084871461,5.618026255970879,0,39.59189137772902,-73.96092846851518
2015,2,2015-02-01,Sedan,1976,20083,38172,15339.435111209832,5.8630135682028115,0,39.96216719783708,-73.0137289116051
2015,2,2015-02-01,SUV,1576,21318,61168,15954.28994908456,5.697801288408019,0,40.2457147263601,-73.71511982140068
2015,2,2015-02-01,Truck,954,20439,53269,14993.550782956063,6.241034745031316,0,40.063088951830984,-74.11123744838913
2015,2,2015-02-01,Coupe,733,19595,46976,15898.310660440948,5.483969347575072,0,39.72494235853173,-74.07351271171542
2015,3,2015-03-01,Sedan,1974,20124,40305,15393.566287374562,5.596322783393894,0,39.96138947738848,-73.78707817068509
2015,3,2015-03-01,SUV,1738,19881,57979,15550.513769199324,6.592266023796953,0,40.22209916364534,-73.44933852113212
2015,3,2015-03-01,Truck,968,21327,53916,15480.416950711418,7.036217360223441,0,40.444518561139944,-73.71312778949779
2015,3,2015-03-01,Coupe,616,19227,52195,15529.104239553648,5.5929387174958425,0,40.070491349806034,-73.2056865359782
2015,4,2015-04-01,Sedan,1959,19315,49163,15339.006703829487,5.70615004179572,0,39.793192167185175,-74.238822791302
2015,4,2015-04-01,SUV,1588,20919,45795,14914.110261999547,6.926486012250832,0,40.54438482710834,-74.1881503624625
2015,4,2015-04-01,Truck,945,19779,62717,15879.457738954623,5.978346864123263,0,40.51176532209267,-73.91235661053304
2015,4,2015-04-01,Coupe,614,19752,50989,15409.090456251311,5.790673361282482,0,39.95430022124544,-74.04043924893273
2015,5,2015-05-01,Sedan,2525,19363,44622,15243.083146860006,6.3889077748431005,0,38.94717652907984,-73.42320482834154
2015,5,2015-05-01,SUV,2392,20809,30476,15427.737887606541,5.8679079193555905,0,39.494700890035546,-74.25760919690413
2015,5,2015-05-01,Truck,1336,20908,43065,15180.480166080913,5.736491341195115,0,39.89327161032478,-73.75190040631834
2015,5,2015-05-01,Coupe,863,20306,64513,15663.100204488852,5.875955746334614,0,39.90842476447335,-74.17833656708993
2015,6,2015-06-01,Sedan,2638,19623,50339,15510.239580376217,5.649107903594234,0,39.31376722605795,-73.83851274819116
2015,6,2015-06-01,SUV,2262,21315,45997,15744.164259762609,5.461613109394078,0,40.856020142008944,-74.87381825491413
2015,6,2015-06-01,Truck,1281,20792,44033,15584.878787572203,6.539759334880079,0,38.89159058032297,-73.7486275962546
2015,6,2015-06-01,Coupe,794,19420,62218,15383.643593321589,5.3130600177955145,0,39.90103113550766,-72.96604683091823
2015,7,2015-07-01,Sedan,2336,19369,61230,15871.540468707546,5.848284387854858,0,39.380473648736675,-72.95207824909542
2015,7,2015-07-01,SUV,2411,21427,43906,15490.194131832393,5.819819959477585,0,40.16542565230779,-73.27449928093434
2015,7,2015-07-01,Truck,1303,19837,60323,15562.626428002632,6.243532897929459,0,40.733270429639305,-74.55579012475678
2015,7,2015-07-01,Coupe,880,19681,38241,15569.341995520985,7.155778275792212,0,39.079961127747126,-74.01614030552473
2015,8,2015-08-01,Sedan,2584,20073,49151,15240.156727310836,6.016393371470082,0,39.62161801149204,-75.09496085248928
2015,8,2015-08-01,SUV,2375,21603,50387,15545.81493764114,6.437159006357781,0,40.11216982838904,-73.54799122261934
2015,8,2015-08-01,Truck,1245,21306,52405,15538.810388721175,5.2649694556439846,0,40.143477927150855,-74.41597745874722
2015,8,2015-08-01,Coupe,859,19510,42003,15924.954280603391,6.565669530994202,0,40.96018375107213,-74.61144750977778
2015,9,2015-09-01,Sedan,2527,19223,44782,15316.374603316684,6.519792003220781,0,39.80188516094912,-73.46581033315299
2015,9,2015-09-01,SUV,2322,22451,38904,15751.84664795736,6.473220435200364,0,39.513310580986484,-73.49643333176343
2015,9,2015-09-01,Truck,1276,20360,43820,15356.178109710163,6.924906047892963,0,40.00034140947874,-73.60893499923426
2015,9,2015-09-01,Coupe,854,19532,58114,15230.084757689694,5.692393116047365,0,40.017013705536115,-73.94431369907997
2015,10,2015-10-01,Sedan,1872,20237,55196,15646.927509091865,5.407098095666087,0,39.8579224510356,-73.40261856906153
2015,10,2015-10-01,SUV,1781,20135,52636,15104.354950125038,5.923467451030185,0,40.94888350837299,-74.47394635863449
2015,10,2015-10-01,Truck,903,20969,38428,15373.448994022992,6.198220568790877,0,39.6828570761553,-74.11798499360549
2015,10,2015-10-01,Coupe,687,20252,52001,15432.175544145992,6.085030557634478,0,39.93813365995012,-73.77109719503711
2015,11,2015-11-01,Sedan,1840,19890,42575,15492.998477998754,5.494499568185578,0,39.442976774919,-73.87066942607231
2015,11,2015-11-01,SUV,1720,21493,46766,15581.61056936735,6.175398786136832,0,40.2223869039158,-74.41282684140107
2015,11,2015-11-01,Truck,952,20723,50053,15082.704468325783,5.98024481198674,0,41.106265519698624,-74.1800196343785
2015,11,2015-11-01,Coupe,636,20224,52342,15738.547033083283,5.2710659220455565,0,40.3656901262875,-73.70478896937426
2015,12,2015-12-01,Sedan,1875,20203,57720,15674.46307600569,5.328490343963136,0,40.41007909337774,-74.03234430251626
2015,12,2015-12-01,SUV,1707,21046,48873,15738.341499421413,5.8581410200753945,0,39.44022693580842,-74.19676492798486
2015,12,2015-12-01,Truck,953,21255,54523,15329.89294425059,7.142594958339446,0,40.13238765548899,-73.3623046310005
2015,12,2015-12-01,Coupe,656,20320,56296,15743.638942350852,6.4286841526891125,0,40.436098500036486,-74.15754336559705
2016,1,2016-01-01,Sedan,1832,20199,56998,15505.455859844678,6.432585982857193,0,40.72630837274309,-74.45816045953671
2016,1,2016-01-01,SUV,1625,20911,52307,15445.086597246589,6.576101339433572,0,40.21203343075923,-73.98027647587963
2016,1,2016-01-01,Truck,873,19690,52107,15123.480874769033,6.406318704822036,0,39.92092307781384,-72.37845351520264
2016,1,2016-01-01,Coupe,742,19891,49202,15749.116302800407,6.7515863049590195,0,39.18098547128199,-74.89318773267735
2016,2,2016-02-01,Sedan,1827,20349,53726,15763.95429099677,5.300151235817347,0,38.841928068515564,-73.57099290234893
2016,2,2016-02-01,SUV,1626,19728,51087,15708.635137643736,5.838971433939362,0,39.771075806908755,-74.07968111607295
2016,2,2016-02-01,Truck,926,19670,44639,15654.255981002763,6.06083927068825,0,40.08402990298341,-74.4975742409267
2016,2,2016-02-01,Coupe,655,18693,51338,15835.771541562714,5.162933933978947,0,39.70703616334112,-73.83544661064494
2016,3,2016-03-01,Sedan,2015,19731,44808,15156.215371516784,5.951719064654053,0,41.02103802007187,-73.86132076901767
2016,3,2016-03-01,SUV,1698,21202,49916,15387.397125547974,6.311639957838853,0,40.11288076155588,-73.99119337403317
2016,3,2016-03-01,Truck,896,21301,54985,15439.41583252654,6.400912426840969,0,39.7512145808074,-74.39100174625551
2016,3,2016-03-01,Coupe,634,18937,53536,15183.77102433233,5.285778084367119,0,38.962205995460735,-74.04303484639544
2016,4,2016-04-01,Sedan,1874,19803,42180,15315.553249312672,6.1321849317732875,0,39.72472403414576,-73.84182083923193
2016,4,2016-04-01,SUV,1621,21114,59774,15667.233160078556,5.69379309089176,0,40.128599485177965,-74.12033258726511
2016,4,2016-04-01,Truck,945,20299,48767,15592.418670614836,5.403320650209025,0,39.49206058650501,-74.6942712769156
2016,4,2016-04-01,Coupe,605,19269,51195,15371.442496901624,6.156807232115549,0,40.01735687437628,-74.98425210671903
2016,5,2016-05-01,Sedan,2585,20486,42546,15634.038308578998,5.471750881295401,0,40.04883518837417,-74.63224920347749
2016,5,2016-05-01,SUV,2106,20758,49072,15470.46406127708,5.3079847208887205,0,39.80005046893443,-73.86535262370964
2016,5,2016-05-01,Truck,1257,20612,44974,15784.343582943231,5.31191333172261,0,40.24378014854336,-73.40905445352001
2016,5,2016-05-01,Coupe,898,19878,46037,15757.217530209251,5.188512537369164,0,39.514937869810176,-74.19877888274586
2016,6,2016-06-01,Sedan,2643,20227,42739,15487.93845892302,5.592838427951853,0,39.64510550388323,-73.51055522072161
2016,6,2016-06-01,SUV,2144,22013,56211,15768.17233412074,5.668530243987371,0,39.925029640460444,-74.71657590726235
2016,6,2016-06-01,Truck,1233,20803,59720,15328.56863663951,5.717247031507368,0,39.92435038988374,-74.69789460109624
2016,6,2016-06-01,Coupe,902,19565,48534,15459.610125617624,5.505330747140163,0,39.99647750725972,-74.10780478928402
2016,7,2016-07-01,Sedan,2482,19562,52396,15880.723453698458,5.969943616419564,0,40.49805910745557,-74.69511096257673
2016,7,2016-07-01,SUV,2282,20308,38923,15402.125718508192,6.495949667206787,0,40.475007914334824,-73.8784976389728
2016,7,2016-07-01,Truck,1183,20379,52262,15585.10724591572,4.978103208259627,0,39.55484107599006,-74.03203888207436
2016,7,2016-07-01,Coupe,900,18682,48784,15578.60975397579,6.3248059942581065,0,40.346428792118715,-73.70871434059559
2016,8,2016-08-01,Sedan,2440,18855,47052,15750.326365041712,6.596727263762216,0,40.355274551148895,-73.78532958859913
2016,8,2016-08-01,SUV,2302,20649,49024,15883.813905165267,5.428720997104062,0,40.807389395354924,-74.16101407724602
2016,8,2016-08-01,Truck,1326,19634,54394,15402.645972810476,5.192366404037907,0,40.109267021205476,-73.49526410570202
2016,8,2016-08-01,Coupe,852,19100,49311,15532.512934244563,6.1741598137772495,0,40.47479728568224,-74.02970759063625
2016,9,2016-09-01,Sedan,2705,20134,47401,15227.686528179434,5.768670239841916,0,39.83180652729443,-73.51984760185927
2016,9,2016-09-01,SUV,2309,20256,51291,15684.306234345811,6.664015679693916,0,40.44375198370703,-73.61957667284426
2016,9,2016-09-01,Truck,1263,20738,59371,15283.44452050407,5.725280336391522,0,39.61371562562188,-73.81042344063694
2016,9,2016-09-01,Coupe,925,19641,32072,15467.555850995106,6.356736866008704,0,40.26881495147494,-73.78590687609471
2016,10,2016-10-01,Sedan,1862,19232,53864,15383.143637993075,6.992048366690229,0,40.28525360417726,-74.29032415127698
2016,10,2016-10-01,SUV,1645,20941,48203,15773.366755105992,5.993208084872023,0,39.634184130545734,-73.0547796574221
2016,10,2016-10-01,Truck,947,20972,45438,15622.623125548904,6.055554995571598,0,39.055175353951924,-72.99236244476968
2016,10,2016-10-01,Coupe,706,19761,41732,15619.512322760711,5.943348849707198,0,40.17783447428162,-73.90421130190296
2016,11,2016-11-01,Sedan,1940,20868,54260,15340.068900218012,6.5812814263562265,0,40.82030728174414,-72.42397163274396
2016,11,2016-11-01,SUV,1599,21153,34384,15660.629831275843,5.625899850916614,0,40.96172289741248,-74.38730748500929
2016,11,2016-11-01,Truck,860,20210,35183,15700.219890901462,4.86745847687184,0,40.01422879059158,-75.0389059099281
2016,11,2016-11-01,Coupe,650,20986,52704,15377.301279007013,5.884398255530458,0,40.00900843602222,-73.7636848270783
2016,12,2016-12-01,Sedan,1753,20355,29717,15424.023089527238,5.655863078774228,0,40.31666341303562,-73.98868457366156
2016,12,2016-12-01,SUV,1574,20379,51490,15534.186531627089,5.610437945182127,0,39.75958310524401,-73.65191600142036
2016,12,2016-12-01,Truck,919,20445,66274,15265.263472623215,4.974078634212671,0,40.391794832399306,-74.33932153064706
2016,12,2016-12-01,Coupe,650,19531,48051,15869.707622419268,6.30106422930906,0,40.43111175594349,-74.70811352789632
2017,1,2017-01-01,Sedan,1774,18296,43929,15791.340637277131,6.158473257874186,0,39.889243368523935,-74.01115014185903
2017,1,2017-01-01,SUV,1639,21128,55744,15276.822642517905,6.0498238439186744,0,40.46621743547733,-74.20755014448169
2017,1,2017-01-01,Truck,980,22231,49217,15678.661410001065,5.530971458169304,0,40.090625581301026,-73.76986418750884
2017,1,2017-01-01,Coupe,668,19388,51547,15892.439187743528,6.124317882257264,0,40.48099359453592,-74.11850598500631
2017,2,2017-02-01,Sedan,1964,20167,42868,15663.704200959775,5.404151668279845,0,39.6835598625576,-73.90533584635381
2017,2,2017-02-01,SUV,1727,20250,57904,15714.401255660094,5.5476357821945586,0,39.23120760177541,-74.07245228954072
2017,2,2017-02-01,Truck,922,20569,47276,15198.508627850999,5.705826530849421,0,39.847190444465845,-73.68316948761297
2017,2,2017-02-01,Coupe,637,21007,35662,15862.233499560525,5.787840514560948,0,40.42979243617178,-73.96009925797064
2017,3,2017-03-01,Sedan,2003,19767,41760,15884.100857454212,5.84325967705893,0,40.11077923681211,-73.3826240429776
2017,3,2017-03-01,SUV,1608,21375,45575,15573.566128871125,5.936139482692145,0,39.249889069276534,-74.38941852141022
2017,3,2017-03-01,Truck,1012,21045,49530,15648.624691702578,5.7528787471817715,0,40.678291692913994,-74.10017628889709
2017,3,2017-03-01,Coupe,669,20687,44169,15911.757836899378,5.1347692951283115,0,40.8148210655564,-74.18633779197599
2017,4,2017-04-01,Sedan,1865,18865,46589,15392.038693794622,5.596176827313264,0,39.93134451710556,-73.52110419276354
2017,4,2017-04-01,SUV,1719,21193,41783,15423.849182079453,6.799362509175657,0,39.632399482618375,-73.17189587397135
2017,4,2017-04-01,Truck,932,20501,58027,15854.378484387731,5.844593719860456,0,39.80587847323923,-74.02796022426111
2017,4,2017-04-01,Coupe,673,20534,50031,15723.77725960463,6.7191798661354705,0,40.19065480613239,-73.84417357199762
2017,5,2017-05-01,Sedan,2368,18421,52912,15581.035153743826,5.64260866254263,0,40.12176510209317,-74.03020186459845
2017,5,2017-05-01,SUV,2369,21054,44398,15798.033247791858,5.791434462526899,0,40.26326834183615,-74.2387053530964
2017,5,2017-05-01,Truck,1227,20551,50096,15695.965407073367,5.765677123345129,0,39.081820108114805,-74.2163869417942
2017,5,2017-05-01,Coupe,909,19821,48152,15797.275301181187,5.544013386370539,0,39.22859839087855,-74.08031555976275
2017,6,2017-06-01,Sedan,2471,19420,48684,15698.301129449357,5.895355719216092,0,40.15349053634312,-73.09329615074229
2017,6,2017-06-01,SUV,2237,21175,46180,15430.728056022606,5.607546173291116,0,39.76062071423915,-73.82026210122643
2017,6,2017-06-01,Truck,1377,20059,46875,15587.375397377751,6.097899424354874,0,40.13177540597739,-73.35795210302594
2017,6,2017-06-01,Coupe,797,18567,46280,15819.460037508741,5.117175984197202,0,38.49618383015312,-73.71441029689039
2017,7,2017-07-01,Sedan,2544,19345,42608,15406.051256073066,5.955267658736971,0,39.6868423619085,-73.75296804051224
2017,7,2017-07-01,SUV,2011,20460,41554,15548.731864325502,5.630976120754931,0,40.398921889947886,-74.92966838583003
2017,7,2017-07-01,Truck,1262,20843,63924,15503.646805781305,6.0622293021762585,0,39.098068603718815,-75.19597810215652
2017,7,2017-07-01,Coupe,911,19996,58838,15325.31942220605,6.159951069764377,0,40.93440892027193,-73.79014719582136
2017,8,2017-08-01,Sedan,2547,20005,38218,15871.11458714207,5.594571180097468,0,40.252241628191506,-74.78151715328562
2017,8,2017-08-01,SUV,2161,21904,47395,15890.655095208509,5.860884670470742,0,39.07905111352107,-73.55396620013414
2017,8,2017-08-01,Truck,1230,20929,50189,15291.376354411426,5.982147382685285,0,41.0981115710764,-73.75350677074277
2017,8,2017-08-01,Coupe,879,20645,51580,15641.90684605256,5.3541874139204495,0,40.1169240128948,-73.48227829179153
2017,9,2017-09-01,Sedan,2436,20854,49312,15422.446097692291,6.398816038460122,0,39.856602882130865,-73.62024255625694
2017,9,2017-09-01,SUV,2241,20962,53701,15658.179411518002,4.902234109774131,0,39.43937812995281,-73.53529500760459
2017,9,2017-09-01,Truck,1253,20177,39810,15384.05273574483,4.889100680019027,0,39.949359640649234,-74.29921879029052
2017,9,2017-09-01,Coupe,848,19959,52729,16018.639586441988,5.144058290218394,0,40.579690521650264,-73.51344921949246
2017,10,2017-10-01,Sedan,1812,20121,46567,15637.137716083747,6.6545655067022755,0,40.30280311631566,-73.74569581338328
2017,10,2017-10-01,SUV,1662,20065,48436,15841.321630972783,5.1364160717051766,0,39.47245531591165,-73.93686613188297
2017,10,2017-10-01,Truck,895,20012,46823,15326.87651916197,5.412939076891816,0,40.35171395839365,-74.65368489111549
2017,10,2017-10-01,Coupe,605,19621,55489,15560.615638400623,5.667709460942191,0,40.02217939875781,-74.87285371642983
2017,11,2017-11-01,Sedan,1939,20230,46930,15801.184902359284,5.336251950523481,0,40.563954496626785,-73.92275316720237
2017,11,2017-11-01,SUV,1670,20987,49195,15844.056579283544,5.3616604362644935,0,39.6187403804267,-73.48184855396376
2017,11,2017-11-01,Truck,915,21053,62745,15519.640994611673,6.240681163287653,0,39.42315385933007,-73.6226333509661
2017,11,2017-11-01,Coupe,668,20283,45158,15267.783316886565,6.151626032374753,0,38.968298423760274,-74.15867524612126
2017,12,2017-12-01,Sedan,1984,20115,64612,15805.021830516354,5.573050805837212,0,40.01365668992572,-74.02368535127222
2017,12,2017-12-01,SUV,1558,20407,45794,15192.755899428812,5.923746734125822,0,39.87546407767348,-74.83644695065578
2017,12,2017-12-01,Truck,965,20940,51702,15535.186364958206,6.195721075875928,0,40.34011018023835,-73.84629821514015
2017,12,2017-12-01,Coupe,632,20165,58966,15480.674188277653,6.948969669566216,0,39.73718453300731,-73.98379649332993
2018,1,2018-01-01,Sedan,1822,20133,36933,15540.791640236655,5.353939399825717,0,40.06766917394614,-73.50277631224554
2018,1,2018-01-01,SUV,1759,19505,65315,15709.055988124173,5.5117504297535005,0,40.07856395949547,-73.91190508874865
2018,1,2018-01-01,Truck,911,20621,45443,15569.127601461996,5.556860432122458,0,39.28366435513017,-73.9270817648923
2018,1,2018-01-01,Coupe,681,20308,56149,15714.868042002974,5.633637250891549,0,40.419831932215594,-74.67875876992096
2018,2,2018-02-01,Sedan,1799,19421,58100,15838.557702828015,6.1436526185224976,0,40.5359649326059,-74.439641391206
2018,2,2018-02-01,SUV,1732,20921,56351,15626.95515348956,5.70752855579496,0,40.2704542592805,-73.56191541640439
2018,2,2018-02-01,Truck,911,20462,42061,15150.387796501413,6.000229815706865,0,40.30445267812732,-73.86896659545664
2018,2,2018-02-01,Coupe,593,19789,33362,15923.940221530836,5.356972708940957,0,40.627701804729945,-73.52706517815793
2018,3,2018-03-01,Sedan,1799,19320,52627,15481.135192563386,5.951242321079104,0,39.75858620459654,-74.89057920723282
2018,3,2018-03-01,SUV,1500,21142,45788,15539.382036617173,6.247931919546893,0,40.58672113831622,-74.1362723606809
2018,3,2018-03-01,Truck,927,20807,39822,15694.63061094954,6.175942985911077,0,40.34011510420881,-74.96837635125124
2018,3,2018-03-01,Coupe,634,19473,50749,15746.148915953598,6.648355203722991,0,39.75251725981596,-74.2487862491546
2018,4,2018-04-01,Sedan,2004,20177,59507,15707.745600601967,5.321441690643365,0,39.333435822611094,-74.77575612452947
2018,4,2018-04-01,SUV,1760,21748,63870,15818.621066464648,6.481419288767493,0,39.70999183367316,-74.57820790837192
2018,4,2018-04-01,Truck,987,20756,50805,15727.474296126598,6.061592741229103,0,40.64190842992678,-73.35250720759153
2018,4,2018-04-01,Coupe,680,20507,53855,15557.766053593075,6.27828233745657,0,39.30275246557037,-73.47305422385206
2018,5,2018-05-01,Sedan,2400,20171,43661,15760.677796614886,5.883037387036046,0,39.202622020918334,-73.78965018449077
2018,5,2018-05-01,SUV,2215,21555,50009,15729.084197077607,5.421215522492394,0,39.70533388428632,-74.22931931805054
2018,5,2018-05-01,Truck,1302,21531,43961,15865.369628931536,4.81516129113715,0,39.402905299453856,-74.47938922809338
2018,5,2018-05-01,Coupe,834,19049,53097,15607.186460454428,6.089702698802555,0,40.345236343060755,-73.86719150341374
2018,6,2018-06-01,Sedan,2585,19958,41097,15861.56283616416,5.605443933609437,0,39.53220185061879,-74.0889589379022
2018,6,2018-06-01,SUV,2185,20737,52580,15719.668347849225,5.451084966787185,0,39.75614731352563,-73.46283349761488
2018,6,2018-06-01,Truck,1284,21776,58850,15878.858613711987,5.206065724772099,0,40.38193017581671,-74.02655340084846
2018,6,2018-06-01,Coupe,862,20100,57089,15750.166318200841,5.46076309932897,0,40.37122945679631,-74.31879377103799
2018,7,2018-07-01,Sedan,2541,19817,48358,15803.248595008103,5.379903140092051,0,40.97259753713847,-74.91054303464725
2018,7,2018-07-01,SUV,2214,21233,54382,15629.90485588566,5.871304648499229,0,40.20527504266381,-74.11553473872884
2018,7,2018-07-01,Truck,1329,21016,56546,15456.768655325917,5.860305787797149,0,39.84976702563965,-74.50280068784474
2018,7,2018-07-01,Coupe,894,19677,54915,15435.961687421133,6.759520306420911,0,39.55183367070397,-73.89034883139978
2018,8,2018-08-01,Sedan,2599,19657,56393,15404.163280439916,6.62605884959128,0,40.007074632482876,-74.29820570398444
2018,8,2018-08-01,SUV,2241,21509,45616,15500.128462115445,5.789231701208132,0,39.411518943615015,-73.0897280460291
2018,8,2018-08-01,Truck,1231,21011,51571,15453.093189903606,5.897022645393636,0,40.39200138965538,-74.09413066754315
2018,8,2018-08-01,Coupe,923,20612,56891,15558.068645545402,5.3600787761092565,0,39.6932061973186,-73.90187952966664
2018,9,2018-09-01,Sedan,2574,18697,49939,15681.617845064637,5.761227871842225,0,40.645636919507936,-73.78910996287456
2018,9,2018-09-01,SUV,2385,20863,57031,15977.013278905504,6.555846724636331,0,39.45392920328563,-74.1268380387712
2018,9,2018-09-01,Truck,1242,20800,55147,15482.221465194852,5.933919256958469,0,38.990036333921935,-73.27902749709905
2018,9,2018-09-01,Coupe,864,20033,47677,15879.205515002683,4.481246779301311,0,39.99169482883705,-74.05290937874885
2018,10,2018-10-01,Sedan,1844,21035,43345,15804.359235447133,6.078126394353042,0,40.63075962626776,-74.33359454238875
2018,10,2018-10-01,SUV,1635,21690,53189,15341.012530664648,5.630347492768365,0,40.19319132692403,-73.5811178892267
2018,10,2018-10-01,Truck,911,18707,53924,15405.935862011205,4.891330600938795,0,38.58383703750793,-73.59300956990113
2018,10,2018-10-01,Coupe,666,19864,60417,15777.464936604614,6.708150021360959,0,39.303632263916505,-74.01727531197699
2018,11,2018-11-01,Sedan,1728,19862,48135,15775.322727452614,5.92278194057095,0,40.31170356913996,-73.64827993343056
2018,11,2018-11-01,SUV,1894,20801,42942,15699.216723063282,5.4988599864302286,0,40.74098038421827,-74.14160901947261
2018,11,2018-11-01,Truck,916,20210,55388,15618.450603353704,5.579166589934809,0,40.83267595881176,-74.42808492033087
2018,11,2018-11-01,Coupe,662,20391,37764,15746.052100281186,5.3724461622597754,0,40.411391390417,-74.48132550595949
2018,12,2018-12-01,Sedan,1959,20663,56460,15700.26332964762,5.7843495285351505,0,39.71179021183258,-73.26448265459145
2018,12,2018-12-01,SUV,1638,20346,54990,15490.772639362702,5.424968251266937,0,39.278197868915115,-74.24145491973026
2018,12,2018-12-01,Truck,940,20649,57134,15755.379584733158,5.8045638902234105,0,39.90090216181014,-73.7449212655424
2018,12,2018-12-01,Coupe,706,20075,46481,15451.42679978289,5.177397367793888,0,40.33313483602176,-73.71101073818022
2019,1,2019-01-01,Sedan,1947,19922,60552,15603.176301083036,6.3776346186036035,0,39.98062855250523,-74.30417538233966
2019,1,2019-01-01,SUV,1754,21258,52677,15716.25568441124,5.881053459141585,0,41.194185996435216,-73.40787167740191
2019,1,2019-01-01,Truck,981,20568,57553,15803.59895527829,5.913102376387018,0,39.848217837367045,-74.04045866883135
2019,1,2019-01-01,Coupe,550,20126,46336,16018.533999656576,5.909672035405878,0,39.40551829023252,-74.02494007706406
2019,2,2019-02-01,Sedan,1785,20284,52182,15891.567926221653,5.504559104152718,0,40.017004048114075,-74.68251089771331
2019,2,2019-02-01,SUV,1764,21326,53718,15700.323806271388,6.107386445394396,0,40.8021695541543,-74.142547128521
2019,2,2019-02-01,Truck,951,19832,43488,15719.56265861866,6.451966773350954,0,39.87185958787421,-74.11795826465607
2019,2,2019-02-01,Coupe,647,19679,52212,15400.548470964271,6.540469788333364,0,39.66728885093527,-73.63904825728093
2019,3,2019-03-01,Sedan,1763,20401,55039,15776.84041440118,5.402785739100104,0,40.12477409479904,-74.5915280923672
2019,3,2019-03-01,SUV,1678,21648,55975,15703.036588508086,5.41259671203858,0,40.322793856087095,-73.990309381151
2019,3,2019-03-01,Truck,828,20981,49818,15940.490249596614,5.352364740578598,0,38.411648093402,-73.8604580708274
2019,3,2019-03-01,Coupe,671,18985,42661,16251.04354874398,5.747194692923099,0,40.36547948818811,-74.32532991368419
2019,4,2019-04-01,Sedan,1680,19897,48007,15620.024352266326,5.842679582246804,0,40.13213413582282,-74.0750584756269
2019,4,2019-04-01,SUV,1587,21306,35379,15289.92850854316,6.269590247350784,0,40.25351013606768,-74.02869768253701
2019,4,2019-04-01,Truck,875,20064,48029,15380.821206285178,5.530485670988384,0,40.32616516908834,-73.28634731785539
2019,4,2019-04-01,Coupe,646,20453,35644,15831.890248222722,5.49802579263626,0,40.15367280835399,-74.12387620911986
2019,5,2019-05-01,Sedan,2652,19475,54707,15644.098507340694,5.820847260995168,0,39.908073053420395,-74.42283655224706
2019,5,2019-05-01,SUV,2266,20960,51809,15716.901029138573,6.298997274806118,0,40.461754308023686,-74.5253116609139
2019,5,2019-05-01,Truck,1303,19770,54408,15823.947756940574,4.944341554168748,0,40.046489623264705,-74.23424805668016
2019,5,2019-05-01,Coupe,855,20810,45097,15538.72461417639,5.937847470002547,0,40.34279487314921,-74.07082429300506
2019,6,2019-06-01,Sedan,2636,20318,33663,15594.106607298598,5.619078950324151,0,40.23968047671471,-75.31240852818705
2019,6,2019-06-01,SUV,2497,21334,51116,15936.31354328383,7.0718270264063126,0,40.435373322294204,-73.5255934517642
2019,6,2019-06-01,Truck,1266,20412,46431,15534.777601657092,5.556492950150251,0,39.324722017828506,-74.0379357253425
2019,6,2019-06-01,Coupe,823,20114,49727,15729.387059677338,5.638934214990004,0,41.53843018509025,-73.31994204990984
2019,7,2019-07-01,Sedan,2395,20139,45439,15497.104054658517,5.229963964438033,0,40.216108345379624,-74.34069011753479
2019,7,2019-07-01,SUV,2355,21626,60304,15529.522646785179,6.137682805346006,0,40.31622710832115,-74.23708908755198
2019,7,2019-07-01,Truck,1221,21489,51706,15827.193550142347,5.488961994086036,0,39.3903577667389,-74.28472488724606
2019,7,2019-07-01,Coupe,877,19361,49926,15362.2989623863,5.339976288765064,0,40.33545562413844,-73.69810473986105
2019,8,2019-08-01,Sedan,2480,19389,42294,15625.346350811737,6.222259245822646,0,40.464122845672165,-74.24826586774098
2019,8,2019-08-01,SUV,2164,21168,43823,15596.34947222776,6.562638045218519,0,40.41355771428288,-73.92101284387428
2019,8,2019-08-01,Truck,1196,20630,57969,15624.873266846893,6.575557044993358,0,40.646372644759104,-73.16813358392827
2019,8,2019-08-01,Coupe,892,20352,60606,15789.478787413795,5.649382946104894,0,39.77572858173607,-73.88072252311314
2019,9,2019-09-01,Sedan,2390,19914,58224,15261.749229766943,6.667241050897258,0,40.56118710935158,-74.22988230791523
2019,9,2019-09-01,SUV,2316,21001,59224,15896.536628553988,5.199964638408495,0,40.29363120673209,-74.10281392682163
2019,9,2019-09-01,Truck,1264,20052,63111,15908.012363980515,5.530114418013516,0,39.332694696544884,-74.19283631548892
2019,9,2019-09-01,Coupe,897,20144,59398,15857.98394443617,6.384784512876454,0,40.16342770030522,-74.69464936510549
2019,10,2019-10-01,Sedan,1870,20636,49613,15800.618073724749,5.740625842376934,0,39.48509407572908,-74.06167203202305
2019,10,2019-10-01,SUV,1728,20586,48232,15512.107351602803,6.459622458782048,0,39.85277212120598,-73.2736222274369
2019,10,2019-10-01,Truck,1021,20450,42436,15282.820424453332,5.163981463486604,0,39.31308258755067,-73.31076518626925
2019,10,2019-10-01,Coupe,665,20233,33346,15460.406714156548,6.343539888223144,0,40.143387056191294,-74.0736026393428
2019,11,2019-11-01,Sedan,1946,20981,48342,15713.873960531613,5.9962984593656525,0,41.196054817637,-75.04967813220951
2019,11,2019-11-01,SUV,1762,20927,54250,15568.525489201054,5.875517484570775,0,40.35570528973275,-72.44354489947808
2019,11,2019-11-01,Truck,985,19978,46821,15609.317178323228,5.002178413684993,0,39.83495490414928,-73.63358545908913
2019,11,2019-11-01,Coupe,616,20629,53658,15553.153335605792,5.829235181331077,0,40.799160903820514,-73.63322609324706
2019,12,2019-12-01,Sedan,1890,19857,50574,15597.64728841154,4.847625247140493,0,41.021088955267366,-73.9223375004003
2019,12,2019-12-01,SUV,1736,20963,44486,15662.815103810246,5.100302618902845,0,41.138543249026654,-74.6172559992112
2019,12,2019-12-01,Truck,893,20229,59660,15702.90179985253,5.281932101984769,0,40.62716918037867,-73.63449968660726
2019,12,2019-12-01,Coupe,680,20429,67957,16137.018979007222,5.556642328498353,0,40.81194249640558,-73.80841590512055
2020,1,2020-01-01,Sedan,1309,18984,58466,15587.435281932687,6.914029407446654,1,40.5355402502014,-75.03724317550815
2020,1,2020-01-01,SUV,1132,21706,58319,15895.812729000472,6.675582733813542,1,40.170830115976315,-74.13565748903414
2020,1,2020-01-01,Truck,569,19810,66384,15753.891651103777,6.430743877696387,1,39.78805497883882,-74.15259442274038
2020,1,2020-01-01,Coupe,477,19798,47930,15898.730355108035,6.397561668067642,1,40.015697932766386,-73.19621084680024
2020,2,2020-02-01,Sedan,1257,20173,49389,15706.066109529807,6.804763022604301,1,39.22231313307938,-73.89957745344215
2020,2,2020-02-01,SUV,1143,21026,69334,15816.887702969705,7.239035949178222,1,39.50320524220298,-73.93203771639082
2020,2,2020-02-01,Truck,634,19842,68606,16214.934661170564,6.4914969627580845,1,40.25251054413688,-73.95774076209234
2020,2,2020-02-01,Coupe,416,18907,53648,15471.608323809654,7.352051039029559,1,39.94244515303838,-74.17295966452359
2020,3,2020-03-01,Sedan,1348,19326,53098,15763.614453849725,7.01438449571174,1,40.25084252258439,-73.87583742874206
2020,3,2020-03-01,SUV,1141,21252,61814,15544.005545044613,6.523039610816576,1,39.46315567054113,-73.95945872854959
2020,3,2020-03-01,Truck,605,22061,59640,15469.152086747683,6.432909894661537,1,40.259679372818944,-73.16331802692373
2020,3,2020-03-01,Coupe,420,19050,67351,15473.88025882007,6.281922279246258,1,39.8711897572445,-74.03481672665005
2020,4,2020-04-01,Sedan,1328,19589,57536,15747.145929410122,6.574798978759394,1,40.04891358735396,-73.78199711238871
2020,4,2020-04-01,SUV,1209,21247,64082,15433.555366650704,6.52511384958284,1,40.2397537740008,-73.63552940271478
2020,4,2020-04-01,Truck,595,20094,54833,15857.282779978268,7.016940527462104,1,39.7962699463542,-73.54601884318647
2020,4,2020-04-01,Coupe,445,19925,58097,15899.322272920432,6.662788908393535,1,41.137912713823816,-74.42611232149866
2020,5,2020-05-01,Sedan,1731,19682,52176,15747.826572593005,6.568676239703518,1,41.45908677753005,-74.0920729078416
2020,5,2020-05-01,SUV,1410,21171,41328,15731.608643479147,6.50801264114758,1,40.3973001914726,-73.51318887528608
2020,5,2020-05-01,Truck,814,20407,53104,15524.387489038461,6.654947389690317,1,39.3632072257017,-74.20731345028594
2020,5,2020-05-01,Coupe,553,20329,76212,15489.682403439334,5.573490758551215,1,39.93755655732497,-73.99215110202113
2020,6,2020-06-01,Sedan,1701,19732,58194,15823.50208210812,7.020215446322419,1,39.02247561484086,-74.18446971951573
2020,6,2020-06-01,SUV,1531,20421,75580,15622.918023954253,6.479353656496358,1,40.27801104842114,-74.29564239440094
2020,6,2020-06-01,Truck,747,20236,69264,15682.620974642972,6.0767828492705105,1,40.46283610475136,-74.16538744801153
2020,6,2020-06-01,Coupe,570,20089,66936,16226.34270634651,6.913618053828712,1,40.57991998319417,-74.25298309949393
2020,7,2020-07-01,Sedan,1577,20037,60964,15534.297451727081,6.412352735047993,1,40.19965880085957,-73.81980330249095
2020,7,2020-07-01,SUV,1557,21183,55436,15647.21987467023,5.900524301003062,1,40.892387519592546,-73.99327481769035
2020,7,2020-07-01,Truck,828,19928,86420,15535.33439355542,6.285576037196964,1,40.20791841814303,-73.69989351712786
2020,7,2020-07-01,Coupe,621,21084,64555,15538.793840006667,6.371527437439109,1,40.15391618625694,-72.96588697924709
2020,8,2020-08-01,Sedan,1540,20721,61619,15917.566107045895,6.449002641682034,1,39.57878368493684,-73.62456361029933
2020,8,2020-08-01,SUV,1570,21612,59880,15630.03559533603,5.72060650248808,1,40.4096866340697,-73.788055258778
2020,8,2020-08-01,Truck,791,20168,55799,15453.403113603516,6.091158801697433,1,39.43308482159682,-74.20623950594397
2020,8,2020-08-01,Coupe,562,19023,78203,16000.508146205846,6.1104902892400075,1,40.136210698326806,-73.79126745508935
2020,9,2020-09-01,Sedan,1799,19508,69828,15640.418939158613,5.832068797915693,1,40.36206827965725,-73.35462078793879
2020,9,2020-09-01,SUV,1744,20244,66290,15668.039751241293,6.891679355262015,1,39.26475522438437,-74.63138488784928
2020,9,2020-09-01,Truck,801,20548,54230,15881.810868782684,7.013447309128957,1,40.299788770622676,-73.19060618016957
2020,9,2020-09-01,Coupe,602,19269,72270,15628.9687528788,6.955209249842785,1,40.786867108277555,-73.7716559946348
2020,10,2020-10-01,Sedan,1110,19449,71904,15716.175462871437,6.539786767471083,1,40.3794122080818,-73.65183856895983
2020,10,2020-10-01,SUV,1159,20868,57185,15921.579765058268,6.776784765533897,1,39.871349999691105,-73.45894384350343
2020,10,2020-10-01,Truck,623,19976,53169,15554.251832738048,6.363794991698156,1,40.6168621391681,-74.40254759051525
2020,10,2020-10-01,Coupe,447,19605,57657,15447.99175760295,6.389730885421732,1,39.903147310097516,-73.72985602798215
2020,11,2020-11-01,Sedan,1282,19280,69757,15792.0606080444,6.599196758588743,1,39.99540882330743,-74.2588787236111
2020,11,2020-11-01,SUV,1153,21299,44277,15642.24783253078,6.3725265147982055,1,40.12808530284714,-73.40334449703644
2020,11,2020-11-01,Truck,591,20193,55387,15589.694481979092,6.3264067524438685,1,40.385401109993985,-74.52691774768218
2020,11,2020-11-01,Coupe,455,18978,54947,15684.102139956403,7.337429836457033,1,39.86259884762366,-75.10062173672546
2020,12,2020-12-01,Sedan,1060,20020,65523,15825.09117152545,6.583785052900495,1,40.58112979875283,-74.26979561036856
2020,12,2020-12-01,SUV,1214,19971,51855,15388.591721013636,6.362577349665104,1,39.976869391366826,-73.94294925388674
2020,12,2020-12-01,Truck,633,19929,58287,15450.51066627885,7.181614487566125,1,39.848186963551,-74.24444305952184
2020,12,2020-12-01,Coupe,496,19254,49869,15530.755935026287,6.466064309150259,1,40.2158158148188,-73.63016226594108
